lead_id,source,stage,has_company,owner_id,owner_role,created_at,updated_at,interaction_count,call_count,email_interaction_count,meeting_interaction_count,task_count,completed_task_count,open_task_count,overdue_task_count,call_task_count,email_task_count,meeting_task_count,todo_task_count,avg_task_progress,last_activity_at,days_since_last_activity,days_since_creation,converted
fe96dddc-0a4c-447f-85dc-0e0164dddcac,site web,Contacte,1,ea7c65d1-e3c3-4fd6-b8e6-bdeaae65745f,ADMIN,2026-04-05T23:19:37.963000,2026-06-14T10:46:48.781000,1,0,0,0,0,0,0,0,0,0,0,0,0.0,2026-06-14T10:46:48.781000,0,69,0
208b33cc-96f6-447a-816f-fb380da4e2c2,site web,Proposition,1,ea7c65d1-e3c3-4fd6-b8e6-bdeaae65745f,ADMIN,2026-04-06T01:00:08.011000,2026-06-10T15:00:22.371000,0,0,0,0,0,0,0,0,0,0,0,0,0.0,2026-06-10T15:00:22.371000,3,69,0
25031bc6-1bb1-4c06-9a53-651afbd51715,Facebook,Contacte,1,ea7c65d1-e3c3-4fd6-b8e6-bdeaae65745f,ADMIN,2026-05-11T21:39:44.986000,2026-05-12T23:48:36.198000,0,0,0,0,0,0,0,0,0,0,0,0,0.0,2026-05-12T23:48:36.198000,32,33,0
d5d01ee8-9e5f-4b9c-8bcc-c1b1c205dd35,Facebook,Qualifie,1,ea7c65d1-e3c3-4fd6-b8e6-bdeaae65745f,ADMIN,2026-05-11T21:39:45.017000,2026-06-14T09:44:08.392000,0,0,0,0,0,0,0,0,0,0,0,0,0.0,2026-06-14T09:44:08.392000,0,33,0
2219283d-fa25-4f40-997d-d469f0e070af,LinkedIn,Proposition,1,ea7c65d1-e3c3-4fd6-b8e6-bdeaae65745f,ADMIN,2026-05-11T21:39:45.034000,2026-06-14T10:46:51.929000,0,0,0,0,0,0,0,0,0,0,0,0,0.0,2026-06-14T10:46:51.929000,0,33,0
99c65374-552c-4d4c-8eeb-c5ac59ef5a7d,Instagram,Qualifie,1,ea7c65d1-e3c3-4fd6-b8e6-bdeaae65745f,ADMIN,2026-05-11T21:39:45.052000,2026-05-12T23:07:08.537000,0,0,0,0,0,0,0,0,0,0,0,0,0.0,2026-05-12T23:07:08.537000,32,33,0
9466b88f-9af8-408e-adc9-78b1993a1dbc,Facebook,Qualifie,1,ea7c65d1-e3c3-4fd6-b8e6-bdeaae65745f,ADMIN,2026-05-11T21:39:45.065000,2026-05-12T23:48:58.373000,0,0,0,0,1,0,0,0,0,0,0,1,0.0,2026-06-10T18:44:27.973000,3,33,0
5fbcd512-5db1-43c6-96ae-5478ff960a5f,Twitter,Qualifie,1,ea7c65d1-e3c3-4fd6-b8e6-bdeaae65745f,ADMIN,2026-05-11T21:39:45.084000,2026-05-12T23:48:34.524000,0,0,0,0,0,0,0,0,0,0,0,0,0.0,2026-05-12T23:48:34.524000,32,33,0
8528be5e-16f6-4f1a-9306-5d6247304d64,LinkedIn,Contacte,1,ea7c65d1-e3c3-4fd6-b8e6-bdeaae65745f,ADMIN,2026-05-11T21:39:45.097000,2026-06-14T10:46:49.944000,0,0,0,0,0,0,0,0,0,0,0,0,0.0,2026-06-14T10:46:49.944000,0,33,0
07b0f505-12d1-455f-8a10-ba9646e54825,Instagram,Gagne,1,ea7c65d1-e3c3-4fd6-b8e6-bdeaae65745f,ADMIN,2026-05-11T21:39:45.111000,2026-05-22T17:44:39.432000,0,0,0,0,0,0,0,0,0,0,0,0,0.0,2026-05-22T17:44:39.432000,22,33,1
55f98109-7274-4058-932e-f26ca65df6e7,Facebook,Proposition,1,ea7c65d1-e3c3-4fd6-b8e6-bdeaae65745f,ADMIN,2026-05-11T21:39:45.125000,2026-05-22T17:44:56.124000,0,0,0,0,0,0,0,0,0,0,0,0,0.0,2026-05-22T17:44:56.124000,22,33,0
b6a1152c-ac21-4b76-8254-dff9b22e658c,Twitter,Gagne,1,ea7c65d1-e3c3-4fd6-b8e6-bdeaae65745f,ADMIN,2026-05-11T21:39:45.139000,2026-05-11T22:34:29.137000,0,0,0,0,0,0,0,0,0,0,0,0,0.0,2026-05-11T22:34:29.137000,33,33,1
37ba6891-648d-4766-99ec-a93910657762,LinkedIn,Gagne,1,ea7c65d1-e3c3-4fd6-b8e6-bdeaae65745f,ADMIN,2026-05-11T21:39:45.152000,2026-05-22T17:44:32.318000,0,0,0,0,0,0,0,0,0,0,0,0,0.0,2026-05-22T17:44:32.318000,22,33,1
ecb47943-e30f-447f-8d8c-3f44440714a4,Facebook,Gagne,1,ea7c65d1-e3c3-4fd6-b8e6-bdeaae65745f,ADMIN,2026-05-11T21:39:45.164000,2026-05-11T22:30:44.900000,0,0,0,0,0,0,0,0,0,0,0,0,0.0,2026-05-11T22:30:44.900000,33,33,1
6faa4de8-a9d2-4668-8d05-07a8fbda5073,Instagram,Gagne,1,ea7c65d1-e3c3-4fd6-b8e6-bdeaae65745f,ADMIN,2026-05-11T21:39:45.176000,2026-05-12T23:10:34.789000,0,0,0,0,0,0,0,0,0,0,0,0,0.0,2026-05-12T23:10:34.789000,32,33,1
6c3cb31f-e24e-48e1-a42b-50943ad5f4b7,LinkedIn,Proposition,1,ea7c65d1-e3c3-4fd6-b8e6-bdeaae65745f,ADMIN,2026-05-11T21:39:45.189000,2026-05-12T22:49:02.908000,0,0,0,0,0,0,0,0,0,0,0,0,0.0,2026-05-12T22:49:02.908000,32,33,0
b3818871-09e1-465f-90a1-95438e6d3093,Facebook,Gagne,1,ea7c65d1-e3c3-4fd6-b8e6-bdeaae65745f,ADMIN,2026-05-11T21:39:45.215000,2026-05-22T17:44:37.684000,0,0,0,0,0,0,0,0,0,0,0,0,0.0,2026-05-22T17:44:37.684000,22,33,1
25a3b6da-f8bf-42f9-9974-62c3a7e71c19,Instagram,Contacte,1,ea7c65d1-e3c3-4fd6-b8e6-bdeaae65745f,ADMIN,2026-05-11T21:39:45.228000,2026-05-12T23:48:56.677000,2,0,0,1,0,0,0,0,0,0,0,0,0.0,2026-05-12T23:48:56.677000,32,33,0
17c6be81-e3ad-4123-8c9f-3f58c6556e1c,LinkedIn,Perdu,1,ea7c65d1-e3c3-4fd6-b8e6-bdeaae65745f,ADMIN,2026-05-11T21:39:45.240000,2026-06-10T17:35:12.387000,0,0,0,0,0,0,0,0,0,0,0,0,0.0,2026-06-10T17:35:12.387000,3,33,0
12458f77-8eab-4668-ac42-681813ea789a,Twitter,Proposition,1,ea7c65d1-e3c3-4fd6-b8e6-bdeaae65745f,ADMIN,2026-05-11T21:39:45.266000,2026-05-22T18:35:05.786000,0,0,0,0,1,0,0,0,0,0,0,1,75.0,2026-06-10T18:44:28.635000,3,33,0
8896be04-5d21-4e22-9346-ef17a654a499,site web,Contacte,1,f985f1d5-5362-4a1b-9160-dc828ac87100,SALES,2026-05-11T22:38:20.078000,2026-05-25T10:46:54.561000,0,0,0,0,3,0,1,1,0,0,0,3,18.33,2026-06-10T18:44:27.405000,3,33,0
0e051c89-cb6e-4dc7-b02a-9bb748b8a898,site web,Qualifie,1,c3972c73-bab5-476b-8abc-bd604c46c8e1,SALES,2026-05-12T22:58:52.171000,2026-06-10T17:43:11.323000,0,0,0,0,0,0,0,0,0,0,0,0,0.0,2026-06-10T17:43:11.323000,3,32,0
3f6d2a8c-5474-40de-8520-b8c3af0027e4,site web,Contacte,1,f985f1d5-5362-4a1b-9160-dc828ac87100,SALES,2026-05-26T11:33:52.597000,2026-06-14T10:46:47.480000,0,0,0,0,3,0,2,0,0,0,0,3,0.0,2026-06-14T10:46:47.480000,0,19,0
2183ba96-ad45-4d71-855d-9c974075eff3,Cold Call,Gagne,1,ea7c65d1-e3c3-4fd6-b8e6-bdeaae65745f,ADMIN,2026-06-10T14:36:04.161000,2026-06-14T10:47:13.420000,0,0,0,0,0,0,0,0,0,0,0,0,0.0,2026-06-14T10:47:13.420000,0,3,1
eb3aa7ea-c3bf-45fa-b1ce-a8b968157240,Webinar,Gagne,1,ea7c65d1-e3c3-4fd6-b8e6-bdeaae65745f,ADMIN,2026-06-10T14:36:04.161000,2026-06-14T10:47:30.315000,0,0,0,0,0,0,0,0,0,0,0,0,0.0,2026-06-14T10:47:30.315000,0,3,1
da73acdb-75d8-49a7-b01d-0515d8c8a5ea,LinkedIn,Gagne,1,ea7c65d1-e3c3-4fd6-b8e6-bdeaae65745f,ADMIN,2026-06-10T14:36:04.161000,2026-06-14T10:47:50.119000,0,0,0,0,0,0,0,0,0,0,0,0,0.0,2026-06-14T10:47:50.119000,0,3,1
10af4ef3-97ce-4056-bfa7-2025fff251cd,Referral,Gagne,0,ea7c65d1-e3c3-4fd6-b8e6-bdeaae65745f,ADMIN,2026-06-10T14:36:04.161000,2026-06-14T10:47:57.559000,0,0,0,0,0,0,0,0,0,0,0,0,0.0,2026-06-14T10:47:57.559000,0,3,1
9d81e5fb-253d-4bed-82fc-26adcad88925,Website,Gagne,1,ea7c65d1-e3c3-4fd6-b8e6-bdeaae65745f,ADMIN,2026-06-10T14:36:04.161000,2026-06-14T12:35:53.396000,0,0,0,0,0,0,0,0,0,0,0,0,0.0,2026-06-14T12:35:53.396000,0,3,1
9f835b20-55af-4d81-957b-daa90486ff69,Event,Nouveau,1,ea7c65d1-e3c3-4fd6-b8e6-bdeaae65745f,ADMIN,2026-06-10T14:36:04.161000,2026-06-10T14:36:04.161000,0,0,0,0,0,0,0,0,0,0,0,0,0.0,2026-06-10T14:36:04.161000,3,3,0
5be2e5b3-f14f-46ec-b7a7-dfc9e5be1b9c,Cold Call,Nouveau,1,ea7c65d1-e3c3-4fd6-b8e6-bdeaae65745f,ADMIN,2026-06-10T14:36:04.161000,2026-06-10T14:36:04.161000,0,0,0,0,0,0,0,0,0,0,0,0,0.0,2026-06-10T14:36:04.161000,3,3,0
c08307ea-bb33-44a0-85d1-0e6bd0772916,LinkedIn,Nouveau,1,ea7c65d1-e3c3-4fd6-b8e6-bdeaae65745f,ADMIN,2026-06-10T14:36:04.161000,2026-06-10T14:36:04.161000,0,0,0,0,0,0,0,0,0,0,0,0,0.0,2026-06-10T14:36:04.161000,3,3,0
132be5ce-cc45-486d-a744-cf1dd6f2ede4,Website,Nouveau,1,ea7c65d1-e3c3-4fd6-b8e6-bdeaae65745f,ADMIN,2026-06-10T14:36:04.161000,2026-06-10T14:36:04.161000,0,0,0,0,0,0,0,0,0,0,0,0,0.0,2026-06-10T14:36:04.161000,3,3,0
0c32918a-04c2-410a-9b3d-bfe08e89affb,Cold Call,Nouveau,1,ea7c65d1-e3c3-4fd6-b8e6-bdeaae65745f,ADMIN,2026-06-10T14:36:04.161000,2026-06-10T14:36:04.161000,0,0,0,0,0,0,0,0,0,0,0,0,0.0,2026-06-10T14:36:04.161000,3,3,0
2f3b9195-b214-4c5b-b62d-4d4346180f00,Partner,Nouveau,1,ea7c65d1-e3c3-4fd6-b8e6-bdeaae65745f,ADMIN,2026-06-10T14:36:04.161000,2026-06-10T14:36:04.161000,0,0,0,0,0,0,0,0,0,0,0,0,0.0,2026-06-10T14:36:04.161000,3,3,0
071735c0-fb05-4edb-abd8-374f1d49439a,Email Campaign,Nouveau,1,ea7c65d1-e3c3-4fd6-b8e6-bdeaae65745f,ADMIN,2026-06-10T14:36:04.161000,2026-06-10T14:36:04.161000,0,0,0,0,0,0,0,0,0,0,0,0,0.0,2026-06-10T14:36:04.161000,3,3,0
cb703513-9568-4e0e-a156-a9a283b9dc5a,Referral,Nouveau,1,ea7c65d1-e3c3-4fd6-b8e6-bdeaae65745f,ADMIN,2026-06-10T14:36:04.161000,2026-06-10T14:36:04.161000,0,0,0,0,0,0,0,0,0,0,0,0,0.0,2026-06-10T14:36:04.161000,3,3,0
40dee543-d048-41cd-b6d0-4636c975dfdd,Email Campaign,Nouveau,1,ea7c65d1-e3c3-4fd6-b8e6-bdeaae65745f,ADMIN,2026-06-10T14:36:04.161000,2026-06-10T14:36:04.161000,0,0,0,0,0,0,0,0,0,0,0,0,0.0,2026-06-10T14:36:04.161000,3,3,0
956838ba-ba48-4020-9f0e-e37c0abcc3e9,Referral,Nouveau,1,ea7c65d1-e3c3-4fd6-b8e6-bdeaae65745f,ADMIN,2026-06-10T14:36:04.161000,2026-06-10T14:36:04.161000,0,0,0,0,0,0,0,0,0,0,0,0,0.0,2026-06-10T14:36:04.161000,3,3,0
f597ca2a-0fc5-4a12-b1eb-1d6df886e943,LinkedIn,Nouveau,1,ea7c65d1-e3c3-4fd6-b8e6-bdeaae65745f,ADMIN,2026-06-10T14:36:04.161000,2026-06-10T14:36:04.161000,0,0,0,0,0,0,0,0,0,0,0,0,0.0,2026-06-10T14:36:04.161000,3,3,0
c68de0ca-c199-408d-8dbd-e11d7191cb9f,LinkedIn,Nouveau,1,ea7c65d1-e3c3-4fd6-b8e6-bdeaae65745f,ADMIN,2026-06-10T14:36:04.161000,2026-06-10T14:36:04.161000,0,0,0,0,0,0,0,0,0,0,0,0,0.0,2026-06-10T14:36:04.161000,3,3,0
b884929f-63aa-4ea8-86d8-4d9cba70a31b,Partner,Nouveau,1,ea7c65d1-e3c3-4fd6-b8e6-bdeaae65745f,ADMIN,2026-06-10T14:36:04.161000,2026-06-10T14:36:04.161000,0,0,0,0,0,0,0,0,0,0,0,0,0.0,2026-06-10T14:36:04.161000,3,3,0
55560a3b-1cec-4c92-8dd9-a386289313b1,Cold Call,Nouveau,1,ea7c65d1-e3c3-4fd6-b8e6-bdeaae65745f,ADMIN,2026-06-10T14:36:04.161000,2026-06-10T14:36:04.161000,0,0,0,0,0,0,0,0,0,0,0,0,0.0,2026-06-10T14:36:04.161000,3,3,0
9496d7e1-4105-4fc5-9399-a88b67ddfb04,Event,Nouveau,1,ea7c65d1-e3c3-4fd6-b8e6-bdeaae65745f,ADMIN,2026-06-10T14:36:04.161000,2026-06-10T14:36:04.161000,0,0,0,0,0,0,0,0,0,0,0,0,0.0,2026-06-10T14:36:04.161000,3,3,0
a46a72d7-3edc-4e69-8cf5-5cd7b2629595,Event,Nouveau,1,ea7c65d1-e3c3-4fd6-b8e6-bdeaae65745f,ADMIN,2026-06-10T14:36:04.161000,2026-06-10T14:36:04.161000,0,0,0,0,0,0,0,0,0,0,0,0,0.0,2026-06-10T14:36:04.161000,3,3,0
c6e75534-9f1a-47cf-b376-49ca0f0823fc,Partner,Nouveau,1,ea7c65d1-e3c3-4fd6-b8e6-bdeaae65745f,ADMIN,2026-06-10T14:36:04.161000,2026-06-10T14:36:04.161000,0,0,0,0,0,0,0,0,0,0,0,0,0.0,2026-06-10T14:36:04.161000,3,3,0
5a288d4d-9d37-47ff-bd4d-b138232def48,Cold Call,Nouveau,1,ea7c65d1-e3c3-4fd6-b8e6-bdeaae65745f,ADMIN,2026-06-10T14:36:04.161000,2026-06-10T14:36:04.161000,0,0,0,0,0,0,0,0,0,0,0,0,0.0,2026-06-10T14:36:04.161000,3,3,0
18ab1757-ff25-46e4-8153-21ba9a762ebe,Email Campaign,Nouveau,1,ea7c65d1-e3c3-4fd6-b8e6-bdeaae65745f,ADMIN,2026-06-10T14:36:04.161000,2026-06-10T14:36:04.161000,0,0,0,0,0,0,0,0,0,0,0,0,0.0,2026-06-10T14:36:04.161000,3,3,0
1588f7f3-c43a-4de2-99d6-054393d2831c,Referral,Nouveau,1,ea7c65d1-e3c3-4fd6-b8e6-bdeaae65745f,ADMIN,2026-06-10T14:36:04.161000,2026-06-10T14:36:04.161000,0,0,0,0,0,0,0,0,0,0,0,0,0.0,2026-06-10T14:36:04.161000,3,3,0
d4d768ce-8a79-46c7-9b26-90f770de59e6,Cold Call,Nouveau,1,ea7c65d1-e3c3-4fd6-b8e6-bdeaae65745f,ADMIN,2026-06-10T14:36:04.161000,2026-06-10T14:36:04.161000,0,0,0,0,0,0,0,0,0,0,0,0,0.0,2026-06-10T14:36:04.161000,3,3,0
ce2960c4-89c0-4638-8f9a-5571af1f52c6,Event,Nouveau,1,ea7c65d1-e3c3-4fd6-b8e6-bdeaae65745f,ADMIN,2026-06-10T14:36:04.161000,2026-06-10T14:36:04.161000,0,0,0,0,0,0,0,0,0,0,0,0,0.0,2026-06-10T14:36:04.161000,3,3,0
3fd24ecb-8293-4328-8a1f-6ebbb5fff0b6,Referral,Nouveau,1,ea7c65d1-e3c3-4fd6-b8e6-bdeaae65745f,ADMIN,2026-06-10T14:36:04.161000,2026-06-10T14:36:04.161000,0,0,0,0,0,0,0,0,0,0,0,0,0.0,2026-06-10T14:36:04.161000,3,3,0
d690bef1-7732-4a18-a559-8477fd9b7418,Email Campaign,Nouveau,1,ea7c65d1-e3c3-4fd6-b8e6-bdeaae65745f,ADMIN,2026-06-10T14:36:04.161000,2026-06-10T14:36:04.161000,0,0,0,0,0,0,0,0,0,0,0,0,0.0,2026-06-10T14:36:04.161000,3,3,0
ed3eb984-742f-425a-b195-d970281a25fc,Referral,Nouveau,1,ea7c65d1-e3c3-4fd6-b8e6-bdeaae65745f,ADMIN,2026-06-10T14:36:04.161000,2026-06-10T14:36:04.161000,0,0,0,0,0,0,0,0,0,0,0,0,0.0,2026-06-10T14:36:04.161000,3,3,0
63b0d119-c213-4b54-a84d-58a07f087f95,LinkedIn,Nouveau,1,ea7c65d1-e3c3-4fd6-b8e6-bdeaae65745f,ADMIN,2026-06-10T14:36:04.161000,2026-06-10T14:36:04.161000,0,0,0,0,0,0,0,0,0,0,0,0,0.0,2026-06-10T14:36:04.161000,3,3,0
8fe12ab0-a965-4325-8f60-a4dcf1409035,Email Campaign,Nouveau,1,ea7c65d1-e3c3-4fd6-b8e6-bdeaae65745f,ADMIN,2026-06-10T14:36:04.161000,2026-06-10T14:36:04.161000,0,0,0,0,0,0,0,0,0,0,0,0,0.0,2026-06-10T14:36:04.161000,3,3,0
14e6d921-f3d8-4538-9836-56b918a85dbc,Website,Nouveau,1,ea7c65d1-e3c3-4fd6-b8e6-bdeaae65745f,ADMIN,2026-06-10T14:36:04.161000,2026-06-10T14:36:04.161000,0,0,0,0,0,0,0,0,0,0,0,0,0.0,2026-06-10T14:36:04.161000,3,3,0
8f065c8c-d9e0-4da0-922b-b56135612e49,Webinar,Nouveau,1,ea7c65d1-e3c3-4fd6-b8e6-bdeaae65745f,ADMIN,2026-06-10T14:36:04.161000,2026-06-10T14:36:04.161000,0,0,0,0,0,0,0,0,0,0,0,0,0.0,2026-06-10T14:36:04.161000,3,3,0
2bf4a376-883b-473c-8e08-5c39679c4d84,Cold Call,Nouveau,1,ea7c65d1-e3c3-4fd6-b8e6-bdeaae65745f,ADMIN,2026-06-10T14:36:04.161000,2026-06-10T14:36:04.161000,0,0,0,0,0,0,0,0,0,0,0,0,0.0,2026-06-10T14:36:04.161000,3,3,0
a0c77ec5-eb97-41f5-bd94-fa4803d6776d,Website,Nouveau,1,ea7c65d1-e3c3-4fd6-b8e6-bdeaae65745f,ADMIN,2026-06-10T14:36:04.161000,2026-06-10T14:36:04.161000,0,0,0,0,0,0,0,0,0,0,0,0,0.0,2026-06-10T14:36:04.161000,3,3,0
b43965d6-9972-40d2-b2db-400cc3e931bb,Webinar,Gagne,1,ea7c65d1-e3c3-4fd6-b8e6-bdeaae65745f,ADMIN,2026-06-10T14:36:04.161000,2026-06-14T10:47:20.864000,0,0,0,0,0,0,0,0,0,0,0,0,0.0,2026-06-14T10:47:20.864000,0,3,1
0c19be7b-821f-45d0-9a06-e68b53b14cc6,Email Campaign,Perdu,1,ea7c65d1-e3c3-4fd6-b8e6-bdeaae65745f,ADMIN,2026-06-10T14:36:04.161000,2026-06-14T10:47:23.939000,0,0,0,0,0,0,0,0,0,0,0,0,0.0,2026-06-14T10:47:23.939000,0,3,0
0829e988-e4b1-4893-8d24-a40eaa5f0ecd,Website,Gagne,1,ea7c65d1-e3c3-4fd6-b8e6-bdeaae65745f,ADMIN,2026-06-10T14:36:04.161000,2026-06-14T10:47:59.314000,0,0,0,0,0,0,0,0,0,0,0,0,0.0,2026-06-14T10:47:59.314000,0,3,1
84a8de10-e855-40b8-8c8b-a9ec2015c3a9,LinkedIn,Gagne,1,ea7c65d1-e3c3-4fd6-b8e6-bdeaae65745f,ADMIN,2026-06-10T14:36:04.161000,2026-06-14T10:48:00.903000,0,0,0,0,0,0,0,0,0,0,0,0,0.0,2026-06-14T10:48:00.903000,0,3,1
6c1b8aad-4744-4450-b2cc-93a74fca41da,Referral,Nouveau,1,ea7c65d1-e3c3-4fd6-b8e6-bdeaae65745f,ADMIN,2026-06-10T14:36:04.161000,2026-06-10T14:36:04.161000,0,0,0,0,0,0,0,0,0,0,0,0,0.0,2026-06-10T14:36:04.161000,3,3,0
40772b83-4a04-476b-a9f5-eb4eb5957b8d,LinkedIn,Nouveau,1,ea7c65d1-e3c3-4fd6-b8e6-bdeaae65745f,ADMIN,2026-06-10T14:36:04.161000,2026-06-10T14:36:04.161000,0,0,0,0,0,0,0,0,0,0,0,0,0.0,2026-06-10T14:36:04.161000,3,3,0
a1225c0c-34a9-401f-8488-9e2b11bc25d5,Event,Nouveau,1,ea7c65d1-e3c3-4fd6-b8e6-bdeaae65745f,ADMIN,2026-06-10T14:36:04.161000,2026-06-10T14:36:04.161000,0,0,0,0,0,0,0,0,0,0,0,0,0.0,2026-06-10T14:36:04.161000,3,3,0
59acb00c-106c-455d-ab75-f5ea51a8e1ad,Event,Nouveau,1,ea7c65d1-e3c3-4fd6-b8e6-bdeaae65745f,ADMIN,2026-06-10T14:36:04.161000,2026-06-10T14:36:04.161000,0,0,0,0,0,0,0,0,0,0,0,0,0.0,2026-06-10T14:36:04.161000,3,3,0
18a664ff-7c78-4b17-854c-4ec292e0d4e9,Partner,Nouveau,1,ea7c65d1-e3c3-4fd6-b8e6-bdeaae65745f,ADMIN,2026-06-10T14:36:04.161000,2026-06-10T14:36:04.161000,0,0,0,0,0,0,0,0,0,0,0,0,0.0,2026-06-10T14:36:04.161000,3,3,0
8f17c184-2058-4507-b658-06ea78f6e5e8,Email Campaign,Nouveau,1,ea7c65d1-e3c3-4fd6-b8e6-bdeaae65745f,ADMIN,2026-06-10T14:36:04.161000,2026-06-10T14:36:04.161000,0,0,0,0,0,0,0,0,0,0,0,0,0.0,2026-06-10T14:36:04.161000,3,3,0
e41d07cc-1062-43b1-8c6c-58894d042ddd,Website,Nouveau,1,ea7c65d1-e3c3-4fd6-b8e6-bdeaae65745f,ADMIN,2026-06-10T14:36:04.161000,2026-06-10T14:36:04.161000,0,0,0,0,0,0,0,0,0,0,0,0,0.0,2026-06-10T14:36:04.161000,3,3,0
ce7524e5-55da-4546-aa77-80d1e6cb94b1,Email Campaign,Nouveau,1,ea7c65d1-e3c3-4fd6-b8e6-bdeaae65745f,ADMIN,2026-06-10T14:36:04.161000,2026-06-10T14:36:04.161000,0,0,0,0,0,0,0,0,0,0,0,0,0.0,2026-06-10T14:36:04.161000,3,3,0
e5254736-c965-44d5-a6c2-97fee79b0ab1,Website,Nouveau,1,ea7c65d1-e3c3-4fd6-b8e6-bdeaae65745f,ADMIN,2026-06-10T14:36:04.161000,2026-06-10T14:36:04.161000,0,0,0,0,0,0,0,0,0,0,0,0,0.0,2026-06-10T14:36:04.161000,3,3,0
705bd157-6e38-406c-9b50-10f9c587a021,LinkedIn,Nouveau,1,ea7c65d1-e3c3-4fd6-b8e6-bdeaae65745f,ADMIN,2026-06-10T14:36:04.161000,2026-06-10T14:36:04.161000,0,0,0,0,0,0,0,0,0,0,0,0,0.0,2026-06-10T14:36:04.161000,3,3,0
ce41bc0e-7fe2-4c77-aa5b-f49c6973bfc4,Event,Nouveau,1,ea7c65d1-e3c3-4fd6-b8e6-bdeaae65745f,ADMIN,2026-06-10T14:36:04.161000,2026-06-10T14:36:04.161000,0,0,0,0,0,0,0,0,0,0,0,0,0.0,2026-06-10T14:36:04.161000,3,3,0
ff387420-9859-462b-9d76-d47298b2f9a6,Webinar,Nouveau,1,ea7c65d1-e3c3-4fd6-b8e6-bdeaae65745f,ADMIN,2026-06-10T14:36:04.161000,2026-06-10T14:36:04.161000,0,0,0,0,0,0,0,0,0,0,0,0,0.0,2026-06-10T14:36:04.161000,3,3,0
28d0bac5-73c6-48a4-9ecf-91dcf0fbe816,Event,Nouveau,1,ea7c65d1-e3c3-4fd6-b8e6-bdeaae65745f,ADMIN,2026-06-10T14:36:04.161000,2026-06-10T14:36:04.161000,0,0,0,0,0,0,0,0,0,0,0,0,0.0,2026-06-10T14:36:04.161000,3,3,0
c61b8630-bd2a-488e-abf2-3782ed15a123,Event,Nouveau,1,ea7c65d1-e3c3-4fd6-b8e6-bdeaae65745f,ADMIN,2026-06-10T14:36:04.161000,2026-06-10T14:36:04.161000,0,0,0,0,0,0,0,0,0,0,0,0,0.0,2026-06-10T14:36:04.161000,3,3,0
4cbb842f-a9e4-4dc4-8209-7ea5e60591ca,Event,Nouveau,1,ea7c65d1-e3c3-4fd6-b8e6-bdeaae65745f,ADMIN,2026-06-10T14:36:04.161000,2026-06-10T14:36:04.161000,0,0,0,0,0,0,0,0,0,0,0,0,0.0,2026-06-10T14:36:04.161000,3,3,0
a0dd0a44-e7f5-4979-84f0-50c8bf076024,Cold Call,Nouveau,1,ea7c65d1-e3c3-4fd6-b8e6-bdeaae65745f,ADMIN,2026-06-10T14:36:04.161000,2026-06-10T14:36:04.161000,0,0,0,0,0,0,0,0,0,0,0,0,0.0,2026-06-10T14:36:04.161000,3,3,0
5d0da158-c269-4626-a38b-733377fc4879,Cold Call,Nouveau,1,ea7c65d1-e3c3-4fd6-b8e6-bdeaae65745f,ADMIN,2026-06-10T14:36:04.161000,2026-06-10T14:36:04.161000,0,0,0,0,0,0,0,0,0,0,0,0,0.0,2026-06-10T14:36:04.161000,3,3,0
4f702ef3-1d13-4e85-bf7b-bbf2b39e4788,Website,Nouveau,1,ea7c65d1-e3c3-4fd6-b8e6-bdeaae65745f,ADMIN,2026-06-10T14:36:04.161000,2026-06-10T14:36:04.161000,0,0,0,0,0,0,0,0,0,0,0,0,0.0,2026-06-10T14:36:04.161000,3,3,0
184d7630-7221-4f70-a250-aca2937d572b,Email Campaign,Nouveau,1,ea7c65d1-e3c3-4fd6-b8e6-bdeaae65745f,ADMIN,2026-06-10T14:36:04.161000,2026-06-10T14:36:04.161000,0,0,0,0,0,0,0,0,0,0,0,0,0.0,2026-06-10T14:36:04.161000,3,3,0
5aa915b6-14e9-42fd-a67b-5f2dadbc770d,Partner,Nouveau,1,ea7c65d1-e3c3-4fd6-b8e6-bdeaae65745f,ADMIN,2026-06-10T14:36:04.161000,2026-06-10T14:36:04.161000,0,0,0,0,0,0,0,0,0,0,0,0,0.0,2026-06-10T14:36:04.161000,3,3,0
e783ed90-79b2-409c-923b-22e064f71c1a,Cold Call,Nouveau,1,ea7c65d1-e3c3-4fd6-b8e6-bdeaae65745f,ADMIN,2026-06-10T14:36:04.161000,2026-06-10T14:36:04.161000,0,0,0,0,0,0,0,0,0,0,0,0,0.0,2026-06-10T14:36:04.161000,3,3,0
6a335668-b69b-403e-8ca9-3a520669e52f,Partner,Nouveau,1,ea7c65d1-e3c3-4fd6-b8e6-bdeaae65745f,ADMIN,2026-06-10T14:36:04.161000,2026-06-10T14:36:04.161000,0,0,0,0,0,0,0,0,0,0,0,0,0.0,2026-06-10T14:36:04.161000,3,3,0
e757ecde-a21d-40c7-9717-56c399777b36,Partner,Gagne,1,ea7c65d1-e3c3-4fd6-b8e6-bdeaae65745f,ADMIN,2026-06-10T14:36:04.161000,2026-06-14T10:47:31.887000,0,0,0,0,0,0,0,0,0,0,0,0,0.0,2026-06-14T10:47:31.887000,0,3,1
794d64f9-b842-4b86-bd41-c77625427b7f,Event,Gagne,0,ea7c65d1-e3c3-4fd6-b8e6-bdeaae65745f,ADMIN,2026-06-10T14:36:04.161000,2026-06-14T10:47:55.901000,0,0,0,0,0,0,0,0,0,0,0,0,0.0,2026-06-14T10:47:55.901000,0,3,1
94ad4dcc-71b6-412d-a843-03d8f74cced8,Email Campaign,Nouveau,1,ea7c65d1-e3c3-4fd6-b8e6-bdeaae65745f,ADMIN,2026-06-10T14:36:04.161000,2026-06-10T14:36:04.161000,0,0,0,0,0,0,0,0,0,0,0,0,0.0,2026-06-10T14:36:04.161000,3,3,0
39634bb8-2981-4088-8f18-b60992fcfae1,Webinar,Nouveau,1,ea7c65d1-e3c3-4fd6-b8e6-bdeaae65745f,ADMIN,2026-06-10T14:36:04.161000,2026-06-10T14:36:04.161000,0,0,0,0,0,0,0,0,0,0,0,0,0.0,2026-06-10T14:36:04.161000,3,3,0
3828af10-74af-4bdb-9a08-2dc58e0cb8e8,Email Campaign,Nouveau,1,ea7c65d1-e3c3-4fd6-b8e6-bdeaae65745f,ADMIN,2026-06-10T14:36:04.161000,2026-06-10T14:36:04.161000,0,0,0,0,0,0,0,0,0,0,0,0,0.0,2026-06-10T14:36:04.161000,3,3,0
26a3d89d-5d2a-4780-b9fa-bdb4b860a4b5,Referral,Nouveau,1,ea7c65d1-e3c3-4fd6-b8e6-bdeaae65745f,ADMIN,2026-06-10T14:36:04.161000,2026-06-10T14:36:04.161000,0,0,0,0,0,0,0,0,0,0,0,0,0.0,2026-06-10T14:36:04.161000,3,3,0
b4bce251-ef46-4303-9f02-a7adb5dc9569,Partner,Nouveau,0,ea7c65d1-e3c3-4fd6-b8e6-bdeaae65745f,ADMIN,2026-06-10T14:36:04.161000,2026-06-10T14:36:04.161000,0,0,0,0,0,0,0,0,0,0,0,0,0.0,2026-06-10T14:36:04.161000,3,3,0
520a3f53-f392-48ce-9d04-2763e9393192,Email Campaign,Nouveau,1,ea7c65d1-e3c3-4fd6-b8e6-bdeaae65745f,ADMIN,2026-06-10T14:36:04.161000,2026-06-10T14:36:04.161000,0,0,0,0,0,0,0,0,0,0,0,0,0.0,2026-06-10T14:36:04.161000,3,3,0
eed57f6a-15ca-4e1d-955d-0cbae044a68d,Cold Call,Nouveau,1,ea7c65d1-e3c3-4fd6-b8e6-bdeaae65745f,ADMIN,2026-06-10T14:36:04.161000,2026-06-10T14:36:04.161000,0,0,0,0,0,0,0,0,0,0,0,0,0.0,2026-06-10T14:36:04.161000,3,3,0
072508ac-ca91-4aba-b53b-ce090804b38c,LinkedIn,Nouveau,1,ea7c65d1-e3c3-4fd6-b8e6-bdeaae65745f,ADMIN,2026-06-10T14:36:04.161000,2026-06-10T14:36:04.161000,0,0,0,0,0,0,0,0,0,0,0,0,0.0,2026-06-10T14:36:04.161000,3,3,0
c65eb591-f36d-4154-8149-8bf2e8c65b42,Event,Perdu,1,ea7c65d1-e3c3-4fd6-b8e6-bdeaae65745f,ADMIN,2026-06-10T14:36:04.161000,2026-06-10T17:34:16.541000,0,0,0,0,0,0,0,0,0,0,0,0,0.0,2026-06-10T17:34:16.541000,3,3,0
06d164f2-b118-4dd5-b486-e5e0c2d8ef43,Website,Gagne,1,ea7c65d1-e3c3-4fd6-b8e6-bdeaae65745f,ADMIN,2026-06-10T14:36:04.161000,2026-06-14T10:47:16.042000,0,0,0,0,0,0,0,0,0,0,0,0,0.0,2026-06-14T10:47:16.042000,0,3,1
9bba28ac-d269-44e6-bee2-80a252443df2,Partner,Contacte,1,ea7c65d1-e3c3-4fd6-b8e6-bdeaae65745f,ADMIN,2026-06-10T14:36:04.161000,2026-06-10T14:39:14.180000,0,0,0,0,0,0,0,0,0,0,0,0,0.0,2026-06-10T14:39:14.180000,3,3,0
839569c9-5c8c-4ef5-9678-b276a2b23f8c,Webinar,Perdu,0,ea7c65d1-e3c3-4fd6-b8e6-bdeaae65745f,ADMIN,2026-06-10T14:36:04.161000,2026-06-14T10:47:26.118000,0,0,0,0,0,0,0,0,0,0,0,0,0.0,2026-06-14T10:47:26.118000,0,3,0
3a30e21a-c9cf-46d0-aca9-beb8112f9814,Webinar,Perdu,1,ea7c65d1-e3c3-4fd6-b8e6-bdeaae65745f,ADMIN,2026-06-10T14:36:04.161000,2026-06-14T10:47:28.480000,0,0,0,0,0,0,0,0,0,0,0,0,0.0,2026-06-14T10:47:28.480000,0,3,0
30f659c5-8e33-4ef5-b39e-cefa2f6162f1,Cold Call,Qualifie,1,ea7c65d1-e3c3-4fd6-b8e6-bdeaae65745f,ADMIN,2026-06-10T14:36:04.161000,2026-06-10T17:36:04.706000,0,0,0,0,0,0,0,0,0,0,0,0,0.0,2026-06-10T17:36:04.706000,3,3,0
2386f273-1b2f-4b20-b286-50c9b28135c6,Email Campaign,Gagne,1,ea7c65d1-e3c3-4fd6-b8e6-bdeaae65745f,ADMIN,2026-06-10T14:36:04.161000,2026-06-14T10:46:59.799000,0,0,0,0,0,0,0,0,0,0,0,0,0.0,2026-06-14T10:46:59.799000,0,3,1
8ac3266c-391b-4fee-b1ac-c0d0ccb0a7af,Email Campaign,Gagne,1,ea7c65d1-e3c3-4fd6-b8e6-bdeaae65745f,ADMIN,2026-06-10T14:36:04.161000,2026-06-14T10:47:01.603000,0,0,0,0,0,0,0,0,0,0,0,0,0.0,2026-06-14T10:47:01.603000,0,3,1
3decf4de-570c-42d7-94c0-dfb234ac9bd2,LinkedIn,Gagne,1,ea7c65d1-e3c3-4fd6-b8e6-bdeaae65745f,ADMIN,2026-06-10T14:36:04.161000,2026-06-14T10:47:03.422000,0,0,0,0,0,0,0,0,0,0,0,0,0.0,2026-06-14T10:47:03.422000,0,3,1
faaaec95-372f-4f51-a550-b649f1e45ddb,Referral,Gagne,1,ea7c65d1-e3c3-4fd6-b8e6-bdeaae65745f,ADMIN,2026-06-10T14:36:04.161000,2026-06-14T10:47:06.209000,0,0,0,0,0,0,0,0,0,0,0,0,0.0,2026-06-14T10:47:06.209000,0,3,1
bf219048-9d71-490f-a19f-8649e10a0c28,Email Campaign,Gagne,0,ea7c65d1-e3c3-4fd6-b8e6-bdeaae65745f,ADMIN,2026-06-10T14:36:04.161000,2026-06-14T10:47:07.767000,0,0,0,0,0,0,0,0,0,0,0,0,0.0,2026-06-14T10:47:07.767000,0,3,1
ff052506-355f-4a6e-bc00-895e7aa0ec31,Webinar,Gagne,1,ea7c65d1-e3c3-4fd6-b8e6-bdeaae65745f,ADMIN,2026-06-10T14:36:04.161000,2026-06-14T10:47:10.740000,0,0,0,0,0,0,0,0,0,0,0,0,0.0,2026-06-14T10:47:10.740000,0,3,1
383cfbba-79ce-4737-b82f-80a00947df13,Webinar,Gagne,1,ea7c65d1-e3c3-4fd6-b8e6-bdeaae65745f,ADMIN,2026-06-10T14:36:04.161000,2026-06-14T10:47:18.757000,0,0,0,0,0,0,0,0,0,0,0,0,0.0,2026-06-14T10:47:18.757000,0,3,1
f573b5e0-fd8a-4c80-b877-fad798b97184,LinkedIn,Gagne,1,ea7c65d1-e3c3-4fd6-b8e6-bdeaae65745f,ADMIN,2026-06-10T14:36:04.161000,2026-06-14T10:47:33.400000,0,0,0,0,0,0,0,0,0,0,0,0,0.0,2026-06-14T10:47:33.400000,0,3,1
55621b13-836e-4438-92bc-40ad418605e8,Partner,Gagne,1,ea7c65d1-e3c3-4fd6-b8e6-bdeaae65745f,ADMIN,2026-06-10T14:36:04.161000,2026-06-14T10:47:35.005000,0,0,0,0,0,0,0,0,0,0,0,0,0.0,2026-06-14T10:47:35.005000,0,3,1
76d49a0b-b91a-4baa-ba7a-4b5ad74273e0,Event,Gagne,1,ea7c65d1-e3c3-4fd6-b8e6-bdeaae65745f,ADMIN,2026-06-10T14:36:04.161000,2026-06-14T10:47:36.410000,0,0,0,0,0,0,0,0,0,0,0,0,0.0,2026-06-14T10:47:36.410000,0,3,1
f58834f2-2a98-49a5-a780-49e8409fd6f7,Email Campaign,Gagne,1,ea7c65d1-e3c3-4fd6-b8e6-bdeaae65745f,ADMIN,2026-06-10T14:36:04.161000,2026-06-14T10:47:37.972000,0,0,0,0,0,0,0,0,0,0,0,0,0.0,2026-06-14T10:47:37.972000,0,3,1
a8eac9f3-df32-4b69-b2be-fea0e2015710,Partner,Gagne,1,ea7c65d1-e3c3-4fd6-b8e6-bdeaae65745f,ADMIN,2026-06-10T14:36:04.161000,2026-06-14T10:47:39.556000,0,0,0,0,0,0,0,0,0,0,0,0,0.0,2026-06-14T10:47:39.556000,0,3,1
3f0e7e45-09c6-4751-8f6a-27ae93b766cc,Email Campaign,Gagne,1,ea7c65d1-e3c3-4fd6-b8e6-bdeaae65745f,ADMIN,2026-06-10T14:36:04.161000,2026-06-14T10:47:40.993000,0,0,0,0,0,0,0,0,0,0,0,0,0.0,2026-06-14T10:47:40.993000,0,3,1
4ecd4b47-1f8b-47b3-b3d0-c2d9167af645,Partner,Gagne,1,ea7c65d1-e3c3-4fd6-b8e6-bdeaae65745f,ADMIN,2026-06-10T14:36:04.161000,2026-06-14T10:47:42.484000,0,0,0,0,0,0,0,0,0,0,0,0,0.0,2026-06-14T10:47:42.484000,0,3,1
a498c99d-83ac-4167-b300-a2f05c0ddd45,Email Campaign,Gagne,1,ea7c65d1-e3c3-4fd6-b8e6-bdeaae65745f,ADMIN,2026-06-10T14:36:04.161000,2026-06-14T10:47:54.303000,0,0,0,0,0,0,0,0,0,0,0,0,0.0,2026-06-14T10:47:54.303000,0,3,1
a1909193-2fb4-4170-9051-5d11f58b2b47,Cold Call,Gagne,1,ea7c65d1-e3c3-4fd6-b8e6-bdeaae65745f,ADMIN,2026-06-10T14:36:04.161000,2026-06-14T10:47:44.288000,0,0,0,0,0,0,0,0,0,0,0,0,0.0,2026-06-14T10:47:44.288000,0,3,1
64492561-7e42-42e1-ad49-742f3cd67680,LinkedIn,Gagne,1,ea7c65d1-e3c3-4fd6-b8e6-bdeaae65745f,ADMIN,2026-06-10T14:36:04.161000,2026-06-14T10:47:46.279000,0,0,0,0,1,1,0,0,0,1,0,0,100.0,2026-06-14T10:47:46.279000,0,3,1
6a49e3ab-5fda-4395-8bb2-234778b609eb,Webinar,Gagne,1,ea7c65d1-e3c3-4fd6-b8e6-bdeaae65745f,ADMIN,2026-06-10T14:36:04.161000,2026-06-14T10:47:48.280000,0,0,0,0,1,0,0,0,0,0,0,1,0.0,2026-06-14T10:47:48.280000,0,3,1
b9055e2c-ff99-430f-9077-4bc7bea274bc,Cold Call,Gagne,1,ea7c65d1-e3c3-4fd6-b8e6-bdeaae65745f,ADMIN,2026-06-10T14:36:04.161000,2026-06-14T10:47:52.121000,0,0,0,0,0,0,0,0,0,0,0,0,0.0,2026-06-14T10:47:52.121000,0,3,1
eb8835f1-ed8d-4170-afe1-856f93c00d80,Referral,Contacte,0,ea7c65d1-e3c3-4fd6-b8e6-bdeaae65745f,ADMIN,2026-06-10T14:36:04.161000,2026-06-14T10:46:53.294000,0,0,0,0,0,0,0,0,0,0,0,0,0.0,2026-06-14T10:46:53.294000,0,3,0
ed04ea67-c56e-464a-96df-2f0fc9c8dd6e,LinkedIn,Gagne,1,ea7c65d1-e3c3-4fd6-b8e6-bdeaae65745f,ADMIN,2026-06-10T14:36:04.161000,2026-06-14T10:46:56.165000,0,0,0,0,0,0,0,0,0,0,0,0,0.0,2026-06-14T10:46:56.165000,0,3,1
1dc9e4eb-72f3-4413-b80e-010720b17775,LinkedIn,Gagne,1,ea7c65d1-e3c3-4fd6-b8e6-bdeaae65745f,ADMIN,2026-06-10T14:36:04.161000,2026-06-14T10:46:57.995000,0,0,0,0,0,0,0,0,0,0,0,0,0.0,2026-06-14T10:46:57.995000,0,3,1
088dcee2-bbd5-444b-8752-c01bf81d3f1f,Referral,Nouveau,1,ea7c65d1-e3c3-4fd6-b8e6-bdeaae65745f,ADMIN,2026-06-10T18:46:44.703000,2026-06-10T18:46:44.703000,0,0,0,0,0,0,0,0,0,0,0,0,0.0,2026-06-10T18:46:44.703000,3,3,0
227d552f-1f65-494a-ad26-47726f6c8138,Website,Perdu,1,ea7c65d1-e3c3-4fd6-b8e6-bdeaae65745f,ADMIN,2026-06-10T18:46:44.703000,2026-06-14T10:48:59.633000,0,0,0,0,0,0,0,0,0,0,0,0,0.0,2026-06-14T10:48:59.633000,0,3,0
505f02e4-dc13-4b7d-977e-8f23c237f0db,Email Campaign,Nouveau,1,ea7c65d1-e3c3-4fd6-b8e6-bdeaae65745f,ADMIN,2026-06-10T18:46:44.703000,2026-06-10T18:46:44.703000,0,0,0,0,0,0,0,0,0,0,0,0,0.0,2026-06-10T18:46:44.703000,3,3,0
beac4f7b-cc82-4f14-bf9f-24279e33689c,Cold Call,Nouveau,1,ea7c65d1-e3c3-4fd6-b8e6-bdeaae65745f,ADMIN,2026-06-10T18:46:44.703000,2026-06-10T18:46:44.703000,0,0,0,0,0,0,0,0,0,0,0,0,0.0,2026-06-10T18:46:44.703000,3,3,0
e5b527f2-3569-415e-b166-7eeee4446d19,Website,Nouveau,1,ea7c65d1-e3c3-4fd6-b8e6-bdeaae65745f,ADMIN,2026-06-10T18:46:44.703000,2026-06-10T18:46:44.703000,0,0,0,0,0,0,0,0,0,0,0,0,0.0,2026-06-10T18:46:44.703000,3,3,0
5a6842f7-d478-430e-ad1c-8b5d187ef032,Email Campaign,Nouveau,1,ea7c65d1-e3c3-4fd6-b8e6-bdeaae65745f,ADMIN,2026-06-10T18:46:44.703000,2026-06-10T18:46:44.703000,0,0,0,0,0,0,0,0,0,0,0,0,0.0,2026-06-10T18:46:44.703000,3,3,0
b72f7073-a371-4aea-abad-db5a14463a40,Referral,Nouveau,1,ea7c65d1-e3c3-4fd6-b8e6-bdeaae65745f,ADMIN,2026-06-10T18:46:44.703000,2026-06-10T18:46:44.703000,0,0,0,0,0,0,0,0,0,0,0,0,0.0,2026-06-10T18:46:44.703000,3,3,0
f1e9a0e8-8735-4fe0-9ab0-7fb317cdca03,Website,Nouveau,1,ea7c65d1-e3c3-4fd6-b8e6-bdeaae65745f,ADMIN,2026-06-10T18:46:44.703000,2026-06-10T18:46:44.703000,0,0,0,0,0,0,0,0,0,0,0,0,0.0,2026-06-10T18:46:44.703000,3,3,0
064a505b-8213-44a3-903b-55c861778b38,Email Campaign,Nouveau,1,ea7c65d1-e3c3-4fd6-b8e6-bdeaae65745f,ADMIN,2026-06-10T18:46:44.703000,2026-06-10T18:46:44.703000,0,0,0,0,0,0,0,0,0,0,0,0,0.0,2026-06-10T18:46:44.703000,3,3,0
576a31b8-8d60-44fe-96c3-cb926b7aa5b6,Event,Nouveau,1,ea7c65d1-e3c3-4fd6-b8e6-bdeaae65745f,ADMIN,2026-06-10T18:46:44.703000,2026-06-10T18:46:44.703000,0,0,0,0,0,0,0,0,0,0,0,0,0.0,2026-06-10T18:46:44.703000,3,3,0
a4e921ac-471c-48d7-9083-852052cccd39,Email Campaign,Nouveau,1,ea7c65d1-e3c3-4fd6-b8e6-bdeaae65745f,ADMIN,2026-06-10T18:46:44.703000,2026-06-10T18:46:44.703000,0,0,0,0,0,0,0,0,0,0,0,0,0.0,2026-06-10T18:46:44.703000,3,3,0
d09e9d71-562b-4e25-ac26-8e7bcbbca1c5,Cold Call,Nouveau,1,ea7c65d1-e3c3-4fd6-b8e6-bdeaae65745f,ADMIN,2026-06-10T18:46:44.703000,2026-06-10T18:46:44.703000,0,0,0,0,0,0,0,0,0,0,0,0,0.0,2026-06-10T18:46:44.703000,3,3,0
4f918bba-f2c9-4d8e-885e-37ff1f924d8e,Cold Call,Nouveau,1,ea7c65d1-e3c3-4fd6-b8e6-bdeaae65745f,ADMIN,2026-06-10T18:46:44.703000,2026-06-10T18:46:44.703000,0,0,0,0,0,0,0,0,0,0,0,0,0.0,2026-06-10T18:46:44.703000,3,3,0
7af3265f-8b79-4774-935e-0d47132ae33c,LinkedIn,Nouveau,1,ea7c65d1-e3c3-4fd6-b8e6-bdeaae65745f,ADMIN,2026-06-10T18:46:44.703000,2026-06-10T18:46:44.703000,0,0,0,0,0,0,0,0,0,0,0,0,0.0,2026-06-10T18:46:44.703000,3,3,0
c365c9b1-bdc1-4e65-8f3c-009f13ed12df,Website,Nouveau,1,ea7c65d1-e3c3-4fd6-b8e6-bdeaae65745f,ADMIN,2026-06-10T18:46:44.703000,2026-06-10T18:46:44.703000,0,0,0,0,0,0,0,0,0,0,0,0,0.0,2026-06-10T18:46:44.703000,3,3,0
69d4bb4f-cd3e-48ee-a6c4-0bbdc0be5f85,LinkedIn,Nouveau,1,ea7c65d1-e3c3-4fd6-b8e6-bdeaae65745f,ADMIN,2026-06-10T18:46:44.703000,2026-06-10T18:46:44.703000,0,0,0,0,0,0,0,0,0,0,0,0,0.0,2026-06-10T18:46:44.703000,3,3,0
73626d71-066b-4c78-930f-99c120291cc5,Website,Nouveau,1,ea7c65d1-e3c3-4fd6-b8e6-bdeaae65745f,ADMIN,2026-06-10T18:46:44.703000,2026-06-10T18:46:44.703000,0,0,0,0,0,0,0,0,0,0,0,0,0.0,2026-06-10T18:46:44.703000,3,3,0
2bc750c6-4cf3-4f1c-829f-efbe181015ee,Referral,Nouveau,1,ea7c65d1-e3c3-4fd6-b8e6-bdeaae65745f,ADMIN,2026-06-10T18:46:44.703000,2026-06-10T18:46:44.703000,0,0,0,0,0,0,0,0,0,0,0,0,0.0,2026-06-10T18:46:44.703000,3,3,0
80bd33a8-dd86-4a31-8812-5c90d9b4a070,Website,Nouveau,1,ea7c65d1-e3c3-4fd6-b8e6-bdeaae65745f,ADMIN,2026-06-10T18:46:44.703000,2026-06-10T18:46:44.703000,0,0,0,0,0,0,0,0,0,0,0,0,0.0,2026-06-10T18:46:44.703000,3,3,0
ccaba2ad-dae9-4c04-b060-c65b48ffb672,LinkedIn,Nouveau,1,ea7c65d1-e3c3-4fd6-b8e6-bdeaae65745f,ADMIN,2026-06-10T18:46:44.703000,2026-06-10T18:46:44.703000,0,0,0,0,0,0,0,0,0,0,0,0,0.0,2026-06-10T18:46:44.703000,3,3,0
cb760a89-f106-4067-9031-8539632c6d40,Website,Nouveau,1,ea7c65d1-e3c3-4fd6-b8e6-bdeaae65745f,ADMIN,2026-06-10T18:46:44.703000,2026-06-10T18:46:44.703000,0,0,0,0,0,0,0,0,0,0,0,0,0.0,2026-06-10T18:46:44.703000,3,3,0
40f7a190-b566-4001-937d-14bf8a8bd8f8,Website,Nouveau,1,ea7c65d1-e3c3-4fd6-b8e6-bdeaae65745f,ADMIN,2026-06-10T18:46:44.703000,2026-06-10T18:46:44.703000,0,0,0,0,0,0,0,0,0,0,0,0,0.0,2026-06-10T18:46:44.703000,3,3,0
979426db-9af3-4f33-a4a1-7a1bea51d9fc,Event,Nouveau,1,ea7c65d1-e3c3-4fd6-b8e6-bdeaae65745f,ADMIN,2026-06-10T18:46:44.703000,2026-06-10T18:46:44.703000,0,0,0,0,0,0,0,0,0,0,0,0,0.0,2026-06-10T18:46:44.703000,3,3,0
03f90d3f-2d7f-4203-8c83-25111488a913,LinkedIn,Nouveau,1,ea7c65d1-e3c3-4fd6-b8e6-bdeaae65745f,ADMIN,2026-06-10T18:46:44.703000,2026-06-10T18:46:44.703000,0,0,0,0,0,0,0,0,0,0,0,0,0.0,2026-06-10T18:46:44.703000,3,3,0
fcd31ce7-94fd-46ca-a78e-04725e41bdde,Event,Nouveau,1,ea7c65d1-e3c3-4fd6-b8e6-bdeaae65745f,ADMIN,2026-06-10T18:46:44.703000,2026-06-10T18:46:44.703000,0,0,0,0,0,0,0,0,0,0,0,0,0.0,2026-06-10T18:46:44.703000,3,3,0
eb14cda5-304a-483f-b2a3-0b93b4071ee3,Event,Nouveau,1,ea7c65d1-e3c3-4fd6-b8e6-bdeaae65745f,ADMIN,2026-06-10T18:46:44.703000,2026-06-10T18:46:44.703000,0,0,0,0,0,0,0,0,0,0,0,0,0.0,2026-06-10T18:46:44.703000,3,3,0
69ecae9e-f63f-42d4-8df7-6d21afed41e4,Event,Nouveau,1,ea7c65d1-e3c3-4fd6-b8e6-bdeaae65745f,ADMIN,2026-06-10T18:46:44.703000,2026-06-10T18:46:44.703000,0,0,0,0,0,0,0,0,0,0,0,0,0.0,2026-06-10T18:46:44.703000,3,3,0
8c5f8815-cdf2-41cd-9742-5050b7c499c4,Website,Nouveau,1,ea7c65d1-e3c3-4fd6-b8e6-bdeaae65745f,ADMIN,2026-06-10T18:46:44.703000,2026-06-10T18:46:44.703000,0,0,0,0,0,0,0,0,0,0,0,0,0.0,2026-06-10T18:46:44.703000,3,3,0
c9163fea-6010-4b3b-9cc3-6819b718b066,Website,Nouveau,1,ea7c65d1-e3c3-4fd6-b8e6-bdeaae65745f,ADMIN,2026-06-10T18:46:44.703000,2026-06-10T18:46:44.703000,0,0,0,0,0,0,0,0,0,0,0,0,0.0,2026-06-10T18:46:44.703000,3,3,0
b8f541ee-e565-49b1-8eec-861cb7da8d7f,Email Campaign,Nouveau,1,ea7c65d1-e3c3-4fd6-b8e6-bdeaae65745f,ADMIN,2026-06-10T18:46:44.703000,2026-06-10T18:46:44.703000,0,0,0,0,0,0,0,0,0,0,0,0,0.0,2026-06-10T18:46:44.703000,3,3,0
ffa6cfc2-a69f-48a7-a851-ab46a5904c69,Event,Gagne,1,ea7c65d1-e3c3-4fd6-b8e6-bdeaae65745f,ADMIN,2026-06-14T09:39:39.619000,2026-06-14T10:49:01.257000,0,0,0,0,0,0,0,0,0,0,0,0,0.0,2026-06-14T10:49:01.257000,0,0,1
b3dcb341-ef23-4e82-8826-3686b1dba205,Partner,Perdu,1,ea7c65d1-e3c3-4fd6-b8e6-bdeaae65745f,ADMIN,2026-06-14T09:39:39.619000,2026-06-14T10:48:41.344000,0,0,0,0,0,0,0,0,0,0,0,0,0.0,2026-06-14T10:48:41.344000,0,0,0
c2c95663-e7f7-4bb5-a65a-1cf91b89d2fb,Partner,Perdu,1,ea7c65d1-e3c3-4fd6-b8e6-bdeaae65745f,ADMIN,2026-06-14T09:39:39.619000,2026-06-14T10:48:45.210000,0,0,0,0,0,0,0,0,0,0,0,0,0.0,2026-06-14T10:48:45.210000,0,0,0
6e2839eb-f8aa-497e-adcd-d3c605cde4c0,Cold Call,Perdu,1,ea7c65d1-e3c3-4fd6-b8e6-bdeaae65745f,ADMIN,2026-06-14T09:39:39.619000,2026-06-14T10:48:49.267000,0,0,0,0,0,0,0,0,0,0,0,0,0.0,2026-06-14T10:48:49.267000,0,0,0
37611956-1093-4e5c-a572-22ae34c82240,Event,Gagne,1,ea7c65d1-e3c3-4fd6-b8e6-bdeaae65745f,ADMIN,2026-06-14T09:39:39.619000,2026-06-14T10:49:03.613000,0,0,0,0,0,0,0,0,0,0,0,0,0.0,2026-06-14T10:49:03.613000,0,0,1
1a1f5f9f-2a59-4848-ab5e-fd87ecbfa187,Referral,Gagne,1,ea7c65d1-e3c3-4fd6-b8e6-bdeaae65745f,ADMIN,2026-06-14T09:39:39.619000,2026-06-14T09:44:48.477000,0,0,0,0,0,0,0,0,0,0,0,0,0.0,2026-06-14T09:44:48.477000,0,0,1
d1d8806f-d1cb-4144-bde8-dd13df5f7f6a,LinkedIn,Gagne,1,ea7c65d1-e3c3-4fd6-b8e6-bdeaae65745f,ADMIN,2026-06-14T09:39:39.619000,2026-06-14T09:44:50.817000,0,0,0,0,0,0,0,0,0,0,0,0,0.0,2026-06-14T09:44:50.817000,0,0,1
703f1789-f51c-43f0-bc63-ab43b126330d,Email Campaign,Gagne,1,ea7c65d1-e3c3-4fd6-b8e6-bdeaae65745f,ADMIN,2026-06-14T09:39:39.619000,2026-06-14T09:44:53.565000,0,0,0,0,0,0,0,0,0,0,0,0,0.0,2026-06-14T09:44:53.565000,0,0,1
85171034-c660-4293-a539-3ef2160ec4a3,Cold Call,Gagne,1,ea7c65d1-e3c3-4fd6-b8e6-bdeaae65745f,ADMIN,2026-06-14T09:39:39.619000,2026-06-14T09:44:57.718000,0,0,0,0,0,0,0,0,0,0,0,0,0.0,2026-06-14T09:44:57.718000,0,0,1
08f7b1d6-4b33-4d3b-a467-b5858016b2f8,Referral,Gagne,1,ea7c65d1-e3c3-4fd6-b8e6-bdeaae65745f,ADMIN,2026-06-14T09:39:39.619000,2026-06-14T09:45:03.778000,0,0,0,0,0,0,0,0,0,0,0,0,0.0,2026-06-14T09:45:03.778000,0,0,1
f201df94-3c78-4222-8883-696d4ac2bf86,Webinar,Perdu,1,ea7c65d1-e3c3-4fd6-b8e6-bdeaae65745f,ADMIN,2026-06-14T09:39:39.619000,2026-06-14T09:45:11.519000,0,0,0,0,0,0,0,0,0,0,0,0,0.0,2026-06-14T09:45:11.519000,0,0,0
ec9f1867-6812-4eb4-991c-647521a1c5a0,Event,Qualifie,1,ea7c65d1-e3c3-4fd6-b8e6-bdeaae65745f,ADMIN,2026-06-14T09:39:39.619000,2026-06-14T10:08:01.003000,0,0,0,0,0,0,0,0,0,0,0,0,0.0,2026-06-14T10:08:01.003000,0,0,0
5f2bfae5-678a-4093-b3e8-f681dacfe34e,Partner,Gagne,1,ea7c65d1-e3c3-4fd6-b8e6-bdeaae65745f,ADMIN,2026-06-14T09:39:39.619000,2026-06-14T10:11:56.783000,0,0,0,0,0,0,0,0,0,0,0,0,0.0,2026-06-14T10:11:56.783000,0,0,1
0c3b63c7-5974-4bea-a81b-feb2e1ad6f30,LinkedIn,Qualifie,1,ea7c65d1-e3c3-4fd6-b8e6-bdeaae65745f,ADMIN,2026-06-14T09:39:39.619000,2026-06-14T10:20:32.013000,0,0,0,0,0,0,0,0,0,0,0,0,0.0,2026-06-14T10:20:32.013000,0,0,0
331b0e65-0e6f-4104-aa28-186cfb5d112e,Referral,Qualifie,1,ea7c65d1-e3c3-4fd6-b8e6-bdeaae65745f,ADMIN,2026-06-14T09:39:39.619000,2026-06-14T10:20:34.743000,0,0,0,0,0,0,0,0,0,0,0,0,0.0,2026-06-14T10:20:34.743000,0,0,0
ec35ffae-c9ee-451e-a543-8568b8942a3f,Event,Qualifie,1,ea7c65d1-e3c3-4fd6-b8e6-bdeaae65745f,ADMIN,2026-06-14T09:39:39.619000,2026-06-14T10:20:36.809000,0,0,0,0,0,0,0,0,0,0,0,0,0.0,2026-06-14T10:20:36.809000,0,0,0
a2562903-4215-42f2-8afc-2830f6cfc2bd,Event,Proposition,1,ea7c65d1-e3c3-4fd6-b8e6-bdeaae65745f,ADMIN,2026-06-14T09:39:39.619000,2026-06-14T10:20:39.109000,0,0,0,0,0,0,0,0,0,0,0,0,0.0,2026-06-14T10:20:39.109000,0,0,0
3c81b5c5-7169-40e6-a7d8-54e7c712302c,LinkedIn,Qualifie,1,ea7c65d1-e3c3-4fd6-b8e6-bdeaae65745f,ADMIN,2026-06-14T09:39:39.619000,2026-06-14T10:20:41.213000,0,0,0,0,0,0,0,0,0,0,0,0,0.0,2026-06-14T10:20:41.213000,0,0,0
66f0114a-9ae5-4902-a2ab-d4f0377f2661,Event,Gagne,1,ea7c65d1-e3c3-4fd6-b8e6-bdeaae65745f,ADMIN,2026-06-14T09:39:39.619000,2026-06-14T10:21:17.822000,0,0,0,0,0,0,0,0,0,0,0,0,0.0,2026-06-14T10:21:17.822000,0,0,1
c83dcc4b-2b41-4b82-927d-7aca955a4cc2,Email Campaign,Gagne,1,ea7c65d1-e3c3-4fd6-b8e6-bdeaae65745f,ADMIN,2026-06-14T09:39:39.619000,2026-06-14T10:21:19.329000,0,0,0,0,0,0,0,0,0,0,0,0,0.0,2026-06-14T10:21:19.329000,0,0,1
667bd65e-f74d-4c8d-843e-29a99d015587,Event,Gagne,1,ea7c65d1-e3c3-4fd6-b8e6-bdeaae65745f,ADMIN,2026-06-14T09:39:39.619000,2026-06-14T10:21:20.767000,0,0,0,0,0,0,0,0,0,0,0,0,0.0,2026-06-14T10:21:20.767000,0,0,1
a9dbd16c-8d95-4fc1-ae2d-08e8c824f337,Partner,Gagne,1,ea7c65d1-e3c3-4fd6-b8e6-bdeaae65745f,ADMIN,2026-06-14T09:39:39.619000,2026-06-14T10:21:23.906000,0,0,0,0,0,0,0,0,0,0,0,0,0.0,2026-06-14T10:21:23.906000,0,0,1
e36456ed-ddec-462d-898a-c4d792b65651,Webinar,Gagne,1,ea7c65d1-e3c3-4fd6-b8e6-bdeaae65745f,ADMIN,2026-06-14T09:39:39.619000,2026-06-14T10:21:25.571000,0,0,0,0,0,0,0,0,0,0,0,0,0.0,2026-06-14T10:21:25.571000,0,0,1
4fcc134d-33c8-4428-9b04-04edeb8f3c4b,Partner,Gagne,1,ea7c65d1-e3c3-4fd6-b8e6-bdeaae65745f,ADMIN,2026-06-14T09:39:39.619000,2026-06-14T10:21:29.892000,0,0,0,0,0,0,0,0,0,0,0,0,0.0,2026-06-14T10:21:29.892000,0,0,1
4b2934ea-0304-4610-bfe0-1e6772008bd7,Email Campaign,Gagne,1,ea7c65d1-e3c3-4fd6-b8e6-bdeaae65745f,ADMIN,2026-06-14T09:39:39.619000,2026-06-14T10:21:33.545000,0,0,0,0,0,0,0,0,0,0,0,0,0.0,2026-06-14T10:21:33.545000,0,0,1
36b276a4-3d55-47a8-8239-02592bfe2711,Partner,Proposition,1,ea7c65d1-e3c3-4fd6-b8e6-bdeaae65745f,ADMIN,2026-06-14T09:39:39.619000,2026-06-14T10:45:45.989000,0,0,0,0,0,0,0,0,0,0,0,0,0.0,2026-06-14T10:45:45.989000,0,0,0
86885587-1e52-40a1-af79-16c8999dc7da,Email Campaign,Gagne,1,ea7c65d1-e3c3-4fd6-b8e6-bdeaae65745f,ADMIN,2026-06-14T09:39:39.619000,2026-06-14T10:45:48.595000,0,0,0,0,0,0,0,0,0,0,0,0,0.0,2026-06-14T10:45:48.595000,0,0,1
8ab9d4f3-45c6-42ac-a50e-4f3ea01ecf27,Email Campaign,Gagne,1,ea7c65d1-e3c3-4fd6-b8e6-bdeaae65745f,ADMIN,2026-06-14T09:39:39.619000,2026-06-14T10:45:51.602000,0,0,0,0,0,0,0,0,0,0,0,0,0.0,2026-06-14T10:45:51.602000,0,0,1
238e0f60-0a29-4e94-8aad-03e845b2c30a,Website,Gagne,1,ea7c65d1-e3c3-4fd6-b8e6-bdeaae65745f,ADMIN,2026-06-14T09:39:39.619000,2026-06-14T10:45:59.776000,0,0,0,0,0,0,0,0,0,0,0,0,0.0,2026-06-14T10:45:59.776000,0,0,1
dc58508f-92a5-45f9-8e49-aea1d076fc3c,Webinar,Gagne,1,ea7c65d1-e3c3-4fd6-b8e6-bdeaae65745f,ADMIN,2026-06-14T09:39:39.619000,2026-06-14T09:43:17.078000,0,0,0,0,0,0,0,0,0,0,0,0,0.0,2026-06-14T09:43:17.078000,0,0,1
ec0efd49-f82f-4eaf-88d9-e58f528a427d,Partner,Gagne,1,ea7c65d1-e3c3-4fd6-b8e6-bdeaae65745f,ADMIN,2026-06-14T09:39:39.619000,2026-06-14T09:43:19.975000,0,0,0,0,0,0,0,0,0,0,0,0,0.0,2026-06-14T09:43:19.975000,0,0,1
2c798c90-7d67-48bb-abd2-d0eb5528987f,LinkedIn,Contacte,1,ea7c65d1-e3c3-4fd6-b8e6-bdeaae65745f,ADMIN,2026-06-14T09:39:39.619000,2026-06-14T09:43:27.988000,0,0,0,0,0,0,0,0,0,0,0,0,0.0,2026-06-14T09:43:27.988000,0,0,0
3a5a1011-bb30-4fd8-9559-863070f0c1e7,Cold Call,Contacte,1,ea7c65d1-e3c3-4fd6-b8e6-bdeaae65745f,ADMIN,2026-06-14T09:39:39.619000,2026-06-14T09:43:29.624000,0,0,0,0,0,0,0,0,0,0,0,0,0.0,2026-06-14T09:43:29.624000,0,0,0
facf7041-e828-4712-87bb-a173ae59a448,Cold Call,Contacte,1,ea7c65d1-e3c3-4fd6-b8e6-bdeaae65745f,ADMIN,2026-06-14T09:39:39.619000,2026-06-14T09:43:32.036000,0,0,0,0,0,0,0,0,0,0,0,0,0.0,2026-06-14T09:43:32.036000,0,0,0
86569693-016e-4496-8fe4-629e7d3a7439,Email Campaign,Contacte,1,ea7c65d1-e3c3-4fd6-b8e6-bdeaae65745f,ADMIN,2026-06-14T09:39:39.619000,2026-06-14T09:43:35.800000,0,0,0,0,0,0,0,0,0,0,0,0,0.0,2026-06-14T09:43:35.800000,0,0,0
5726f501-d9e0-4b5f-8a6a-dc059fb1f74d,Partner,Contacte,1,ea7c65d1-e3c3-4fd6-b8e6-bdeaae65745f,ADMIN,2026-06-14T09:39:39.619000,2026-06-14T09:43:38.237000,0,0,0,0,0,0,0,0,0,0,0,0,0.0,2026-06-14T09:43:38.237000,0,0,0
242aa0df-9d79-4324-a8ad-4da455e059bf,Event,Contacte,1,ea7c65d1-e3c3-4fd6-b8e6-bdeaae65745f,ADMIN,2026-06-14T09:39:39.619000,2026-06-14T09:44:13.091000,0,0,0,0,0,0,0,0,0,0,0,0,0.0,2026-06-14T09:44:13.091000,0,0,0
0c62785f-d31a-429c-ae6a-17a5dca6cbad,Referral,Qualifie,1,ea7c65d1-e3c3-4fd6-b8e6-bdeaae65745f,ADMIN,2026-06-14T09:39:39.619000,2026-06-14T09:44:16.218000,0,0,0,0,0,0,0,0,0,0,0,0,0.0,2026-06-14T09:44:16.218000,0,0,0
5b9f0cc1-3c74-405e-aa8e-7d7d78a837dd,Webinar,Qualifie,1,ea7c65d1-e3c3-4fd6-b8e6-bdeaae65745f,ADMIN,2026-06-14T09:39:39.619000,2026-06-14T09:44:27.654000,0,0,0,0,0,0,0,0,0,0,0,0,0.0,2026-06-14T09:44:27.654000,0,0,0
1b295b70-54fe-4e91-ac44-a09792f92eed,Partner,Contacte,1,ea7c65d1-e3c3-4fd6-b8e6-bdeaae65745f,ADMIN,2026-06-14T09:39:39.619000,2026-06-14T09:44:29.620000,0,0,0,0,0,0,0,0,0,0,0,0,0.0,2026-06-14T09:44:29.620000,0,0,0
771744e1-bb75-4ad6-a72e-5a47cf8775dd,Webinar,Contacte,1,ea7c65d1-e3c3-4fd6-b8e6-bdeaae65745f,ADMIN,2026-06-14T09:39:39.619000,2026-06-14T09:44:31.597000,0,0,0,0,0,0,0,0,0,0,0,0,0.0,2026-06-14T09:44:31.597000,0,0,0
f97fb150-4e5d-40d5-8815-0f001e209257,Website,Contacte,1,ea7c65d1-e3c3-4fd6-b8e6-bdeaae65745f,ADMIN,2026-06-14T09:39:39.619000,2026-06-14T09:44:33.660000,0,0,0,0,0,0,0,0,0,0,0,0,0.0,2026-06-14T09:44:33.660000,0,0,0
a6fb300d-cba6-4075-8280-9c8a69b55587,Email Campaign,Contacte,1,ea7c65d1-e3c3-4fd6-b8e6-bdeaae65745f,ADMIN,2026-06-14T09:39:39.619000,2026-06-14T09:44:35.594000,0,0,0,0,0,0,0,0,0,0,0,0,0.0,2026-06-14T09:44:35.594000,0,0,0
79e6ad40-2509-456f-9530-43aa91365e17,Cold Call,Qualifie,1,ea7c65d1-e3c3-4fd6-b8e6-bdeaae65745f,ADMIN,2026-06-14T09:39:39.619000,2026-06-14T09:44:37.351000,0,0,0,0,0,0,0,0,0,0,0,0,0.0,2026-06-14T09:44:37.351000,0,0,0
f61ef2c1-0c70-4bbe-bac7-c203acde4fbd,Partner,Contacte,1,ea7c65d1-e3c3-4fd6-b8e6-bdeaae65745f,ADMIN,2026-06-14T09:39:39.619000,2026-06-14T10:07:54.306000,0,0,0,0,0,0,0,0,0,0,0,0,0.0,2026-06-14T10:07:54.306000,0,0,0
879b336e-cae1-4243-acb2-e6592b7f1bdc,Cold Call,Qualifie,1,ea7c65d1-e3c3-4fd6-b8e6-bdeaae65745f,ADMIN,2026-06-14T09:39:39.619000,2026-06-14T10:11:18.748000,0,0,0,0,0,0,0,0,0,0,0,0,0.0,2026-06-14T10:11:18.748000,0,0,0
bb771ae3-0b98-491b-8ad5-bcf05fac063a,Webinar,Qualifie,1,ea7c65d1-e3c3-4fd6-b8e6-bdeaae65745f,ADMIN,2026-06-14T09:39:39.619000,2026-06-14T09:40:30.242000,0,0,0,0,0,0,0,0,0,0,0,0,0.0,2026-06-14T09:40:30.242000,0,0,0
02f86077-6dc9-457c-b9a8-0fb94e65306f,LinkedIn,Proposition,1,ea7c65d1-e3c3-4fd6-b8e6-bdeaae65745f,ADMIN,2026-06-14T09:39:39.619000,2026-06-14T09:40:31.783000,0,0,0,0,0,0,0,0,0,0,0,0,0.0,2026-06-14T09:40:31.783000,0,0,0
f4f603c0-53a2-4eab-b235-d0b1891d8077,Email Campaign,Gagne,1,ea7c65d1-e3c3-4fd6-b8e6-bdeaae65745f,ADMIN,2026-06-14T09:39:39.619000,2026-06-14T09:40:33.452000,0,0,0,0,0,0,0,0,0,0,0,0,0.0,2026-06-14T09:40:33.452000,0,0,1
72886205-22a3-4651-93d0-45e9a6514c3a,LinkedIn,Perdu,1,ea7c65d1-e3c3-4fd6-b8e6-bdeaae65745f,ADMIN,2026-06-14T09:39:39.619000,2026-06-14T09:40:35.559000,0,0,0,0,0,0,0,0,0,0,0,0,0.0,2026-06-14T09:40:35.559000,0,0,0
d2b22ec3-57e8-4bf9-ad38-cb9908342b67,Partner,Gagne,1,ea7c65d1-e3c3-4fd6-b8e6-bdeaae65745f,ADMIN,2026-06-14T09:39:39.619000,2026-06-14T09:40:39.612000,0,0,0,0,0,0,0,0,0,0,0,0,0.0,2026-06-14T09:40:39.612000,0,0,1
dfd39854-ba3e-470a-b637-d38a63d3b7ba,Referral,Gagne,1,ea7c65d1-e3c3-4fd6-b8e6-bdeaae65745f,ADMIN,2026-06-14T09:39:39.619000,2026-06-14T09:40:41.502000,0,0,0,0,0,0,0,0,0,0,0,0,0.0,2026-06-14T09:40:41.502000,0,0,1
d969312d-8492-479e-bb49-39c3d85b1b58,LinkedIn,Gagne,1,ea7c65d1-e3c3-4fd6-b8e6-bdeaae65745f,ADMIN,2026-06-14T09:39:39.619000,2026-06-14T09:40:43.063000,0,0,0,0,0,0,0,0,0,0,0,0,0.0,2026-06-14T09:40:43.063000,0,0,1
a70bd1f3-252d-42a5-9de7-02318290f517,Webinar,Gagne,1,ea7c65d1-e3c3-4fd6-b8e6-bdeaae65745f,ADMIN,2026-06-14T09:39:39.619000,2026-06-14T09:40:44.823000,0,0,0,0,0,0,0,0,0,0,0,0,0.0,2026-06-14T09:40:44.823000,0,0,1
37928076-1383-443e-80f4-9a1ab332664c,Partner,Proposition,1,ea7c65d1-e3c3-4fd6-b8e6-bdeaae65745f,ADMIN,2026-06-14T09:39:39.619000,2026-06-14T09:40:47.726000,0,0,0,0,0,0,0,0,0,0,0,0,0.0,2026-06-14T09:40:47.726000,0,0,0
705ac463-5826-4b09-971a-f81e0a0b7ab9,Partner,Gagne,1,ea7c65d1-e3c3-4fd6-b8e6-bdeaae65745f,ADMIN,2026-06-14T09:39:39.619000,2026-06-14T09:41:48.989000,0,0,0,0,0,0,0,0,0,0,0,0,0.0,2026-06-14T09:41:48.989000,0,0,1
6f620d22-838b-4539-be0c-ed65a8b25fd9,LinkedIn,Proposition,1,ea7c65d1-e3c3-4fd6-b8e6-bdeaae65745f,ADMIN,2026-06-14T09:39:39.619000,2026-06-14T10:11:21.602000,0,0,0,0,0,0,0,0,0,0,0,0,0.0,2026-06-14T10:11:21.602000,0,0,0
f25b0fca-e4f5-4042-8619-09f8fab40835,Webinar,Gagne,1,ea7c65d1-e3c3-4fd6-b8e6-bdeaae65745f,ADMIN,2026-06-14T09:39:39.619000,2026-06-14T10:11:24.118000,0,0,0,0,0,0,0,0,0,0,0,0,0.0,2026-06-14T10:11:24.118000,0,0,1
63816e43-8bd6-4fb2-bb4b-5667672654b0,Referral,Gagne,1,ea7c65d1-e3c3-4fd6-b8e6-bdeaae65745f,ADMIN,2026-06-14T09:39:39.619000,2026-06-14T09:42:03.353000,0,0,0,0,0,0,0,0,0,0,0,0,0.0,2026-06-14T09:42:03.353000,0,0,1
1b200f94-e1c0-4276-b329-48d82227f6a1,Email Campaign,Gagne,1,ea7c65d1-e3c3-4fd6-b8e6-bdeaae65745f,ADMIN,2026-06-14T09:39:39.619000,2026-06-14T09:42:56.860000,0,0,0,0,0,0,0,0,0,0,0,0,0.0,2026-06-14T09:42:56.860000,0,0,1
a5463a0d-affe-4559-8ba9-be5a4ce5e68d,Website,Qualifie,1,ea7c65d1-e3c3-4fd6-b8e6-bdeaae65745f,ADMIN,2026-06-14T09:39:39.619000,2026-06-14T10:11:36.437000,0,0,0,0,0,0,0,0,0,0,0,0,0.0,2026-06-14T10:11:36.437000,0,0,0
0c16f7b1-7a22-4137-93ee-29cf978cf1e4,LinkedIn,Proposition,1,ea7c65d1-e3c3-4fd6-b8e6-bdeaae65745f,ADMIN,2026-06-14T09:39:39.619000,2026-06-14T10:20:19.038000,0,0,0,0,0,0,0,0,0,0,0,0,0.0,2026-06-14T10:20:19.038000,0,0,0
e5df4ce9-06a3-4a69-94e8-b95fa1e2c78c,LinkedIn,Contacte,1,ea7c65d1-e3c3-4fd6-b8e6-bdeaae65745f,ADMIN,2026-06-14T09:39:39.619000,2026-06-14T09:43:22.377000,0,0,0,0,0,0,0,0,0,0,0,0,0.0,2026-06-14T09:43:22.377000,0,0,0
f295f33d-24d4-413c-93e1-6d340df1fc7f,Referral,Contacte,1,ea7c65d1-e3c3-4fd6-b8e6-bdeaae65745f,ADMIN,2026-06-14T09:39:39.619000,2026-06-14T09:43:26.034000,0,0,0,0,0,0,0,0,0,0,0,0,0.0,2026-06-14T09:43:26.034000,0,0,0
bee62bce-1688-4308-a572-2a2712e3317e,Website,Gagne,1,ea7c65d1-e3c3-4fd6-b8e6-bdeaae65745f,ADMIN,2026-06-14T09:39:39.619000,2026-06-14T10:48:16.448000,0,0,0,0,0,0,0,0,0,0,0,0,0.0,2026-06-14T10:48:16.448000,0,0,1
9ed3600c-d49b-4197-96c6-aca1eaec2057,Event,Qualifie,1,ea7c65d1-e3c3-4fd6-b8e6-bdeaae65745f,ADMIN,2026-06-14T09:39:39.619000,2026-06-14T09:44:10.338000,0,0,0,0,0,0,0,0,0,0,0,0,0.0,2026-06-14T09:44:10.338000,0,0,0
ef21b040-a070-4db6-bee1-7f0a9142a4aa,Referral,Gagne,1,ea7c65d1-e3c3-4fd6-b8e6-bdeaae65745f,ADMIN,2026-06-14T09:39:39.619000,2026-06-14T10:48:18.167000,0,0,0,0,0,0,0,0,0,0,0,0,0.0,2026-06-14T10:48:18.167000,0,0,1
c21c07ea-ce3c-4953-9ce9-9c884b7d6ea8,Cold Call,Gagne,1,ea7c65d1-e3c3-4fd6-b8e6-bdeaae65745f,ADMIN,2026-06-14T09:39:39.619000,2026-06-14T09:44:39.919000,0,0,0,0,0,0,0,0,0,0,0,0,0.0,2026-06-14T09:44:39.919000,0,0,1
318bbff9-7eb4-4c00-9ddc-6d13b0f05ab0,Website,Gagne,1,ea7c65d1-e3c3-4fd6-b8e6-bdeaae65745f,ADMIN,2026-06-14T09:39:39.619000,2026-06-14T10:48:21.490000,0,0,0,0,0,0,0,0,0,0,0,0,0.0,2026-06-14T10:48:21.490000,0,0,1
ed04e823-f2ea-44de-b7a7-4e2583d1a767,Partner,Gagne,1,ea7c65d1-e3c3-4fd6-b8e6-bdeaae65745f,ADMIN,2026-06-14T09:39:39.619000,2026-06-14T10:48:23.087000,0,0,0,0,0,0,0,0,0,0,0,0,0.0,2026-06-14T10:48:23.087000,0,0,1
3e1e23de-4d65-45c7-8f73-7eb77b3479e0,Event,Gagne,1,ea7c65d1-e3c3-4fd6-b8e6-bdeaae65745f,ADMIN,2026-06-14T09:39:39.619000,2026-06-14T10:48:25.431000,0,0,0,0,0,0,0,0,0,0,0,0,0.0,2026-06-14T10:48:25.431000,0,0,1
755dc249-b7f4-4705-8a2e-4157dbf4ac3a,LinkedIn,Gagne,1,ea7c65d1-e3c3-4fd6-b8e6-bdeaae65745f,ADMIN,2026-06-14T09:39:39.619000,2026-06-14T10:48:27.824000,0,0,0,0,0,0,0,0,0,0,0,0,0.0,2026-06-14T10:48:27.824000,0,0,1
e41e253c-1fdf-4d21-a8de-af34d67b615f,Referral,Gagne,1,ea7c65d1-e3c3-4fd6-b8e6-bdeaae65745f,ADMIN,2026-06-14T09:39:39.619000,2026-06-14T10:48:30.889000,0,0,0,0,0,0,0,0,0,0,0,0,0.0,2026-06-14T10:48:30.889000,0,0,1
37ef09d5-2386-4a55-89a3-e9dcdcadc661,Email Campaign,Proposition,1,ea7c65d1-e3c3-4fd6-b8e6-bdeaae65745f,ADMIN,2026-06-14T09:39:39.619000,2026-06-14T10:48:32.343000,0,0,0,0,0,0,0,0,0,0,0,0,0.0,2026-06-14T10:48:32.343000,0,0,0
82b7be29-5ceb-4634-a545-42eda966beab,Email Campaign,Qualifie,1,ea7c65d1-e3c3-4fd6-b8e6-bdeaae65745f,ADMIN,2026-06-14T09:39:39.619000,2026-06-14T10:48:35.955000,0,0,0,0,0,0,0,0,0,0,0,0,0.0,2026-06-14T10:48:35.955000,0,0,0
0e9758e1-4637-4a54-88d2-b596b139e4a9,Website,Perdu,1,ea7c65d1-e3c3-4fd6-b8e6-bdeaae65745f,ADMIN,2026-06-14T09:39:39.619000,2026-06-14T10:48:37.618000,0,0,0,0,0,0,0,0,0,0,0,0,0.0,2026-06-14T10:48:37.618000,0,0,0
494c7429-2551-4601-bb8d-885a5412a935,Event,Perdu,1,ea7c65d1-e3c3-4fd6-b8e6-bdeaae65745f,ADMIN,2026-06-14T09:39:39.619000,2026-06-14T10:48:43.274000,0,0,0,0,0,0,0,0,0,0,0,0,0.0,2026-06-14T10:48:43.274000,0,0,0
653edbb0-447e-47c8-8c2d-07745344da59,Partner,Perdu,1,ea7c65d1-e3c3-4fd6-b8e6-bdeaae65745f,ADMIN,2026-06-14T09:39:39.619000,2026-06-14T10:48:47.269000,0,0,0,0,0,0,0,0,0,0,0,0,0.0,2026-06-14T10:48:47.269000,0,0,0
cf3b1ce3-5107-49cc-9f49-3f5ac1da7815,Referral,Qualifie,1,ea7c65d1-e3c3-4fd6-b8e6-bdeaae65745f,ADMIN,2026-06-14T09:39:39.619000,2026-06-14T10:07:59.378000,0,0,0,0,0,0,0,0,0,0,0,0,0.0,2026-06-14T10:07:59.378000,0,0,0
b0a2d6f1-a06b-424d-a73e-13baaafd0119,Referral,Gagne,1,ea7c65d1-e3c3-4fd6-b8e6-bdeaae65745f,ADMIN,2026-06-14T09:39:39.619000,2026-06-14T10:11:42.780000,0,0,0,0,0,0,0,0,0,0,0,0,0.0,2026-06-14T10:11:42.780000,0,0,1
bac6b2aa-e1b5-4a95-8b95-a6f7450f5018,LinkedIn,Qualifie,1,ea7c65d1-e3c3-4fd6-b8e6-bdeaae65745f,ADMIN,2026-06-14T09:39:39.619000,2026-06-14T09:41:19.447000,0,0,0,0,0,0,0,0,0,0,0,0,0.0,2026-06-14T09:41:19.447000,0,0,0
f40d6980-d82c-429c-8763-2709501e361b,Event,Gagne,1,ea7c65d1-e3c3-4fd6-b8e6-bdeaae65745f,ADMIN,2026-06-14T09:39:39.619000,2026-06-14T09:41:32.203000,0,0,0,0,0,0,0,0,0,0,0,0,0.0,2026-06-14T09:41:32.203000,0,0,1
140a03cb-cb3c-40ff-b572-d5a81c4fa21c,Cold Call,Proposition,1,ea7c65d1-e3c3-4fd6-b8e6-bdeaae65745f,ADMIN,2026-06-14T09:39:39.619000,2026-06-14T09:41:41.790000,0,0,0,0,0,0,0,0,0,0,0,0,0.0,2026-06-14T09:41:41.790000,0,0,0
13a6a54e-ef59-4257-9731-70623be98341,Referral,Gagne,1,ea7c65d1-e3c3-4fd6-b8e6-bdeaae65745f,ADMIN,2026-06-14T09:39:39.619000,2026-06-14T10:11:51.443000,0,0,0,0,0,0,0,0,0,0,0,0,0.0,2026-06-14T10:11:51.443000,0,0,1
50dfc50f-e97c-4789-9217-3fb486fc72f6,Event,Perdu,1,ea7c65d1-e3c3-4fd6-b8e6-bdeaae65745f,ADMIN,2026-06-14T09:39:39.619000,2026-06-14T10:48:51.093000,0,0,0,0,0,0,0,0,0,0,0,0,0.0,2026-06-14T10:48:51.093000,0,0,0
2fbac569-0131-4286-828d-0885624a3efe,Partner,Qualifie,1,ea7c65d1-e3c3-4fd6-b8e6-bdeaae65745f,ADMIN,2026-06-14T09:39:39.619000,2026-06-14T10:20:27.156000,0,0,0,0,0,0,0,0,0,0,0,0,0.0,2026-06-14T10:20:27.156000,0,0,0
a0e97fae-57e4-427c-9a95-cf5a32eb5652,Email Campaign,Gagne,1,ea7c65d1-e3c3-4fd6-b8e6-bdeaae65745f,ADMIN,2026-06-14T09:39:39.619000,2026-06-14T09:42:27.169000,0,0,0,0,0,0,0,0,0,0,0,0,0.0,2026-06-14T09:42:27.169000,0,0,1
a149e076-8cda-4115-936f-d31c94474514,Event,Qualifie,1,ea7c65d1-e3c3-4fd6-b8e6-bdeaae65745f,ADMIN,2026-06-14T09:39:39.619000,2026-06-14T09:42:33.336000,0,0,0,0,0,0,0,0,0,0,0,0,0.0,2026-06-14T09:42:33.336000,0,0,0
d4a804f3-bdb9-4ad2-b00e-46f6dd119b68,Referral,Perdu,1,ea7c65d1-e3c3-4fd6-b8e6-bdeaae65745f,ADMIN,2026-06-14T09:39:39.619000,2026-06-14T10:48:57.447000,0,0,0,0,0,0,0,0,0,0,0,0,0.0,2026-06-14T10:48:57.447000,0,0,0
043fbcf4-1533-4985-a023-0e6ecd5b938d,Cold Call,Gagne,1,ea7c65d1-e3c3-4fd6-b8e6-bdeaae65745f,ADMIN,2026-06-14T09:39:39.619000,2026-06-14T09:44:45.885000,0,0,0,0,0,0,0,0,0,0,0,0,0.0,2026-06-14T09:44:45.885000,0,0,1
be1e8b91-88ac-4163-9b30-38f85262415b,Partner,Gagne,1,ea7c65d1-e3c3-4fd6-b8e6-bdeaae65745f,ADMIN,2026-06-14T09:39:39.619000,2026-06-14T10:46:02.288000,0,0,0,0,0,0,0,0,0,0,0,0,0.0,2026-06-14T10:46:02.288000,0,0,1
59660864-9853-4b1f-a33c-41ce143f602d,Email Campaign,Gagne,1,ea7c65d1-e3c3-4fd6-b8e6-bdeaae65745f,ADMIN,2026-06-14T09:39:39.619000,2026-06-14T10:48:10.861000,0,0,0,0,0,0,0,0,0,0,0,0,0.0,2026-06-14T10:48:10.861000,0,0,1
1279cd61-cb4c-488a-acf6-9aabc6b82058,Referral,Gagne,1,ea7c65d1-e3c3-4fd6-b8e6-bdeaae65745f,ADMIN,2026-06-14T09:39:39.619000,2026-06-14T10:48:12.813000,0,0,0,0,0,0,0,0,0,0,0,0,0.0,2026-06-14T10:48:12.813000,0,0,1
14df3f64-53c4-4f9f-8180-494ba3afedf9,Referral,Gagne,1,ea7c65d1-e3c3-4fd6-b8e6-bdeaae65745f,ADMIN,2026-06-14T09:39:39.619000,2026-06-14T10:48:14.906000,0,0,0,0,0,0,0,0,0,0,0,0,0.0,2026-06-14T10:48:14.906000,0,0,1
f1247a70-0867-428b-b7ee-92a715a0127e,Partner,Gagne,1,ea7c65d1-e3c3-4fd6-b8e6-bdeaae65745f,ADMIN,2026-06-14T09:39:39.619000,2026-06-14T12:35:48.024000,0,0,0,0,0,0,0,0,0,0,0,0,0.0,2026-06-14T12:35:48.024000,0,0,1
1d2491dc-d4d1-422c-ab39-653a4a42c543,Referral,Gagne,1,ea7c65d1-e3c3-4fd6-b8e6-bdeaae65745f,ADMIN,2026-06-14T09:39:39.619000,2026-06-14T09:43:13.930000,0,0,0,0,0,0,0,0,0,0,0,0,0.0,2026-06-14T09:43:13.930000,0,0,1
74da512e-c56d-4d69-8ceb-e9cb98b61e9b,Webinar,Perdu,1,ea7c65d1-e3c3-4fd6-b8e6-bdeaae65745f,ADMIN,2026-06-14T09:39:39.619000,2026-06-14T10:48:52.816000,0,0,0,0,0,0,0,0,0,0,0,0,0.0,2026-06-14T10:48:52.816000,0,0,0
acf0f2df-d098-44c3-a657-1177387a3f7c,Event,Contacte,1,ea7c65d1-e3c3-4fd6-b8e6-bdeaae65745f,ADMIN,2026-06-14T09:39:39.619000,2026-06-14T09:40:28.997000,0,0,0,0,0,0,0,0,0,0,0,0,0.0,2026-06-14T09:40:28.997000,0,0,0
f77dd6ca-966b-4ac4-980d-aff8cd23e7be,Website,Gagne,1,ea7c65d1-e3c3-4fd6-b8e6-bdeaae65745f,ADMIN,2026-06-14T09:39:39.619000,2026-06-14T09:40:37.573000,0,0,0,0,0,0,0,0,0,0,0,0,0.0,2026-06-14T09:40:37.573000,0,0,1
4e0439d1-179f-4f6e-bb86-b1557b5cb38b,Referral,Gagne,1,ea7c65d1-e3c3-4fd6-b8e6-bdeaae65745f,ADMIN,2026-06-14T09:39:39.619000,2026-06-14T09:43:10.886000,0,0,0,0,0,0,0,0,0,0,0,0,0.0,2026-06-14T09:43:10.886000,0,0,1
282ead6e-31a3-4b5b-a919-c28c7fd72a5b,LinkedIn,Perdu,1,ea7c65d1-e3c3-4fd6-b8e6-bdeaae65745f,ADMIN,2026-06-14T09:39:39.849000,2026-06-14T09:39:55.118000,0,0,0,0,0,0,0,0,0,0,0,0,0.0,2026-06-14T09:39:55.118000,0,0,0
52e81423-84d6-4341-af8f-059d16ec3297,Event,Gagne,1,ea7c65d1-e3c3-4fd6-b8e6-bdeaae65745f,ADMIN,2026-06-14T09:39:39.849000,2026-06-14T09:39:58.152000,0,0,0,0,0,0,0,0,0,0,0,0,0.0,2026-06-14T09:39:58.152000,0,0,1
128f178a-671f-483f-bfce-e5c1c73b4fb4,Event,Gagne,1,ea7c65d1-e3c3-4fd6-b8e6-bdeaae65745f,ADMIN,2026-06-14T09:39:39.849000,2026-06-14T09:39:59.925000,0,0,0,0,0,0,0,0,0,0,0,0,0.0,2026-06-14T09:39:59.925000,0,0,1
6aea121c-c35f-48e2-b960-09c2433d5d7c,Cold Call,Gagne,1,ea7c65d1-e3c3-4fd6-b8e6-bdeaae65745f,ADMIN,2026-06-14T09:39:39.849000,2026-06-14T09:40:01.760000,0,0,0,0,0,0,0,0,0,0,0,0,0.0,2026-06-14T09:40:01.760000,0,0,1
de4bdf20-fed4-4d5b-889e-033dcad62277,LinkedIn,Gagne,1,ea7c65d1-e3c3-4fd6-b8e6-bdeaae65745f,ADMIN,2026-06-14T09:39:39.849000,2026-06-14T09:40:03.815000,0,0,0,0,0,0,0,0,0,0,0,0,0.0,2026-06-14T09:40:03.815000,0,0,1
124f41ae-64c0-4e0b-8cbd-f2169e0c1db1,Website,Gagne,1,ea7c65d1-e3c3-4fd6-b8e6-bdeaae65745f,ADMIN,2026-06-14T09:39:39.849000,2026-06-14T09:40:06.234000,0,0,0,0,0,0,0,0,0,0,0,0,0.0,2026-06-14T09:40:06.234000,0,0,1
7a2f443c-6c43-44d4-aa61-b6a4f7739855,Email Campaign,Contacte,1,ea7c65d1-e3c3-4fd6-b8e6-bdeaae65745f,ADMIN,2026-06-14T09:39:39.849000,2026-06-14T09:40:08.170000,0,0,0,0,0,0,0,0,0,0,0,0,0.0,2026-06-14T09:40:08.170000,0,0,0
1e13932d-6de3-4b40-a974-27267c319a94,Referral,Qualifie,1,ea7c65d1-e3c3-4fd6-b8e6-bdeaae65745f,ADMIN,2026-06-14T09:39:39.849000,2026-06-14T09:40:09.706000,0,0,0,0,0,0,0,0,0,0,0,0,0.0,2026-06-14T09:40:09.706000,0,0,0
8bb05b84-5bf2-495c-a8cd-2e64324370f8,Cold Call,Proposition,1,ea7c65d1-e3c3-4fd6-b8e6-bdeaae65745f,ADMIN,2026-06-14T09:39:39.849000,2026-06-14T09:40:12.304000,0,0,0,0,0,0,0,0,0,0,0,0,0.0,2026-06-14T09:40:12.304000,0,0,0
93b0be94-ada7-41e4-b3c2-cee3186a72a2,Event,Perdu,1,ea7c65d1-e3c3-4fd6-b8e6-bdeaae65745f,ADMIN,2026-06-14T09:39:39.849000,2026-06-14T09:40:14.384000,0,0,0,0,0,0,0,0,0,0,0,0,0.0,2026-06-14T09:40:14.384000,0,0,0
8f8c1763-8c4f-4f53-bfcb-c849434b39cb,Email Campaign,Contacte,1,ea7c65d1-e3c3-4fd6-b8e6-bdeaae65745f,ADMIN,2026-06-14T09:39:39.849000,2026-06-14T09:40:16.302000,0,0,0,0,0,0,0,0,0,0,0,0,0.0,2026-06-14T09:40:16.302000,0,0,0
ef1a1e49-bdca-4a33-8f2c-5cb712ffb20f,Event,Proposition,1,ea7c65d1-e3c3-4fd6-b8e6-bdeaae65745f,ADMIN,2026-06-14T09:39:39.849000,2026-06-14T09:40:18.339000,0,0,0,0,0,0,0,0,0,0,0,0,0.0,2026-06-14T09:40:18.339000,0,0,0
36e1ab65-1521-422d-8edb-d4442866a561,Website,Qualifie,1,ea7c65d1-e3c3-4fd6-b8e6-bdeaae65745f,ADMIN,2026-06-14T09:39:39.849000,2026-06-14T09:40:19.911000,0,0,0,0,0,0,0,0,0,0,0,0,0.0,2026-06-14T09:40:19.911000,0,0,0
b35f6b8f-7a87-449c-927f-6f903dd9dd70,Event,Gagne,1,ea7c65d1-e3c3-4fd6-b8e6-bdeaae65745f,ADMIN,2026-06-14T09:39:39.849000,2026-06-14T09:40:21.621000,0,0,0,0,0,0,0,0,0,0,0,0,0.0,2026-06-14T09:40:21.621000,0,0,1
87efd4ee-3f96-4f30-9d9e-156f1b5b24dd,Partner,Gagne,1,ea7c65d1-e3c3-4fd6-b8e6-bdeaae65745f,ADMIN,2026-06-14T09:39:39.849000,2026-06-14T09:40:23.387000,0,0,0,0,0,0,0,0,0,0,0,0,0.0,2026-06-14T09:40:23.387000,0,0,1
ac714640-12d8-4ac3-b751-11a238b7c23b,Cold Call,Contacte,1,ea7c65d1-e3c3-4fd6-b8e6-bdeaae65745f,ADMIN,2026-06-14T09:39:39.849000,2026-06-14T09:40:25.333000,0,0,0,0,0,0,0,0,0,0,0,0,0.0,2026-06-14T09:40:25.333000,0,0,0
399e32ff-c66e-4de9-9a03-9b04bf1aeabf,Webinar,Proposition,1,ea7c65d1-e3c3-4fd6-b8e6-bdeaae65745f,ADMIN,2026-06-14T09:39:39.849000,2026-06-14T09:40:27.515000,0,0,0,0,0,0,0,0,0,0,0,0,0.0,2026-06-14T09:40:27.515000,0,0,0
0eb97b66-75ef-4ab1-876e-6984aeed7a02,Cold Call,Gagne,1,ea7c65d1-e3c3-4fd6-b8e6-bdeaae65745f,ADMIN,2026-06-14T09:39:39.849000,2026-06-14T09:39:50.161000,0,0,0,0,0,0,0,0,0,0,0,0,0.0,2026-06-14T09:39:50.161000,0,0,1
1d62db88-48a9-4352-a7a3-80ee1b7dfeef,Referral,Gagne,1,ea7c65d1-e3c3-4fd6-b8e6-bdeaae65745f,ADMIN,2026-06-14T09:39:39.849000,2026-06-14T09:39:51.667000,0,0,0,0,0,0,0,0,0,0,0,0,0.0,2026-06-14T09:39:51.667000,0,0,1
f6a8b43b-2492-439b-a203-e66c42dc83b1,Event,Proposition,1,ea7c65d1-e3c3-4fd6-b8e6-bdeaae65745f,ADMIN,2026-06-14T09:39:39.849000,2026-06-14T09:39:53.328000,0,0,0,0,0,0,0,0,0,0,0,0,0.0,2026-06-14T09:39:53.328000,0,0,0
